"nba_id","Team","Player","Experience","DPM","DPM Improvement","O-DPM","D-DPM","Box DPM","Box O-DPM","Box D-DPM","FGA/100","FG2%","FG3A/100","FG3%","FG3ARate%","RimFGA/100","RimFG%","FTA/100","FT%","FTARate%","USG%","REB/100","AST/100","AST%","BLK/100","BLK%","STL/100","STL%","TOV/100"
203999,"Denver Nuggets","Nikola Jokic","Vet",7.14,1.84,4.9,2.24,4.35,3.54,0.81,25.003,0.608,4.041,0.321,0.173,6.093,0.739,8.949,0.819,0.357,0.284,17.856,12.476,0.411,1.136,0.013,1.666,0.016,4.825
203954,NA,"Joel Embiid","Vet",5.54,-0.83,3.5,2.04,5.31,2.83,2.48,26.427,0.552,4.347,0.321,0.19,6.982,0.755,13.358,0.811,0.603,0.31,15.426,4.619,0.163,2.795,0.03,1.372,0.014,4.383
203507,NA,"Giannis Antetokounmpo","Vet",4.93,-2.36,2.68,2.25,3.6,2.81,0.79,27.639,0.591,2.803,0.302,0.158,11.248,0.777,13.873,0.584,0.626,0.334,18.309,7.642,0.266,1.243,0.014,1.277,0.013,5.442
202695,NA,"Kawhi Leonard","Vet",4.88,-0.06,3.64,1.24,6.12,4.27,1.85,24.689,0.506,8.204,0.374,0.324,3.131,0.703,7.571,0.842,0.327,0.268,9.483,4.919,0.175,0.854,0.009,2.127,0.021,2.654
201142,NA,"Kevin Durant","Vet",4.75,-0.68,3.99,0.77,3.15,3.44,-0.29,24.131,0.541,6.172,0.373,0.239,2.117,0.756,9.478,0.886,0.402,0.278,9.769,6.01,0.187,1.612,0.017,1.058,0.011,4.099
201950,NA,"Jrue Holiday","Vet",4.46,1.05,3.04,1.42,2.49,2.66,-0.17,20.227,0.511,9.157,0.353,0.421,4.063,0.672,3.933,0.777,0.203,0.222,7.375,9.497,0.261,0.57,0.006,1.812,0.018,3.653
201939,NA,"Stephen Curry","Vet",4.38,-0.5,4.76,-0.38,2.87,3.87,-1,28.428,0.528,15.541,0.399,0.521,3.488,0.678,6.834,0.885,0.262,0.29,7.251,7.381,0.233,0.503,0.005,1.473,0.014,4.358
202331,NA,"Paul George","Vet",4.26,-0.05,2.57,1.69,3.14,1.66,1.48,23.976,0.479,10.703,0.356,0.423,4.288,0.655,7.282,0.816,0.313,0.265,8.737,6.532,0.191,0.565,0.006,2.146,0.021,4.278
1628369,NA,"Jayson Tatum","Vet",4.22,-1.08,4.08,0.14,2.45,2.82,-0.37,24.788,0.528,9.18,0.354,0.391,6.307,0.699,9.466,0.823,0.386,0.275,12.05,6.135,0.199,1.003,0.011,1.412,0.014,3.649
203081,NA,"Damian Lillard","Vet",4.15,0.31,5.62,-1.48,3.94,5.09,-1.15,27.661,0.521,14.72,0.354,0.557,6.561,0.633,14.065,0.876,0.463,0.325,6.889,9.429,0.332,0.495,0.005,1.154,0.012,4.602
202681,NA,"Kyrie Irving","Vet",4.05,0.21,4.22,-0.17,3.81,3.57,0.24,24.253,0.531,10.131,0.384,0.406,4.424,0.68,6.188,0.881,0.266,0.255,6.572,6.713,0.221,0.819,0.009,1.621,0.016,2.905
202710,"Miami Heat","Jimmy Butler","Vet",3.73,-0.45,2.81,0.92,2.24,2,0.24,25.274,0.518,3.678,0.295,0.187,6.881,0.673,12.42,0.834,0.489,0.272,8.378,7.707,0.26,0.607,0.007,2.489,0.025,2.611
2544,NA,"LeBron James","Vet",3.65,-1.39,3.31,0.34,3.28,3.67,-0.39,24.336,0.613,8.914,0.317,0.351,7.791,0.782,7.199,0.696,0.283,0.269,11.482,8.097,0.258,1.06,0.012,1.366,0.014,4.078
1629029,NA,"Luka Doncic","Vet",3.59,0.51,4.4,-0.81,3.35,4.38,-1.03,29.352,0.55,12.508,0.333,0.447,4.903,0.732,14.399,0.688,0.456,0.333,12.148,8.912,0.308,0.678,0.007,1.701,0.017,5.065
201935,NA,"James Harden","Vet",3.58,-0.01,3.59,-0.01,3.33,2.9,0.43,19.822,0.482,9.673,0.348,0.476,3.554,0.615,7.851,0.85,0.414,0.23,8.498,11.267,0.366,0.707,0.008,1.817,0.018,4.497
203076,NA,"Anthony Davis","Vet",3.45,1.21,1.14,2.31,2.84,1.25,1.59,20.985,0.565,1.474,0.29,0.074,8.243,0.744,9.223,0.744,0.441,0.245,18.927,3.345,0.107,3.147,0.033,1.577,0.016,2.836
1628378,NA,"Donovan Mitchell","Vet",3.41,0.06,3.6,-0.2,2.83,3.27,-0.44,27.196,0.508,11.995,0.351,0.423,5.327,0.675,7.015,0.827,0.271,0.29,6.426,5.942,0.196,0.584,0.006,1.979,0.019,3.634
204001,NA,"Kristaps Porzingis","Vet",2.94,1.19,2.02,0.92,4.04,2.8,1.24,24.481,0.51,8.922,0.35,0.354,3.52,0.74,8.789,0.822,0.384,0.271,12.687,3.978,0.13,2.289,0.025,1.284,0.013,2.901
1627832,NA,"Fred VanVleet","Vet",2.8,0.58,1.64,1.16,3.13,1.92,1.21,21.085,0.454,12.387,0.351,0.579,2.685,0.586,5.255,0.849,0.263,0.22,5.826,9.119,0.279,0.677,0.008,2.33,0.023,3.194
1630162,NA,"Anthony Edwards","Vet",2.77,0.29,2.45,0.32,3.72,3.01,0.71,26.745,0.499,10.462,0.344,0.38,7.06,0.661,7.109,0.754,0.284,0.29,8.191,5.675,0.209,1.443,0.016,1.927,0.019,3.965
1626164,NA,"Devin Booker","Vet",2.65,-0.95,3.64,-0.98,2.36,3.05,-0.69,24.664,0.543,7.808,0.355,0.296,4.06,0.703,8.365,0.853,0.359,0.284,6.147,7.335,0.254,0.635,0.007,1.404,0.014,4.118
1628973,NA,"Jalen Brunson","Vet",2.65,2.03,3.32,-0.66,2.99,4.27,-1.28,26.312,0.506,9.144,0.377,0.356,3.786,0.656,8.307,0.813,0.317,0.27,5.496,7.23,0.247,0.299,0.003,1.303,0.013,2.588
1626157,NA,"Karl-Anthony Towns","Vet",2.61,-1.85,1.57,1.04,2.65,1.52,1.13,20.707,0.562,8.034,0.373,0.363,4.82,0.722,7.44,0.819,0.389,0.244,13.412,4.753,0.151,1.399,0.015,1.05,0.011,3.851
203932,"Denver Nuggets","Aaron Gordon","Vet",2.57,1.97,1.59,0.98,0.33,0.2,0.13,14.293,0.595,2.873,0.308,0.184,7.474,0.73,5.576,0.616,0.365,0.158,9.88,4.097,0.111,1.077,0.012,1.026,0.01,1.784
1628983,NA,"Shai Gilgeous-Alexander","Vet",2.5,0.81,2.8,-0.31,1.3,1.53,-0.23,26.108,0.515,3.436,0.329,0.181,8.274,0.651,13.829,0.857,0.569,0.298,6.694,6.084,0.209,1.141,0.013,1.965,0.019,3.599
1627750,"Denver Nuggets","Jamal Murray","Vet",2.41,1.01,2.86,-0.44,2.33,2.74,-0.41,25.291,0.506,9.542,0.372,0.372,3.853,0.663,5.79,0.862,0.222,0.265,6.529,8.952,0.27,0.426,0.004,1.649,0.016,3.311
101108,NA,"Chris Paul","Vet",2.37,-2.09,1.1,1.27,1.75,0.5,1.25,17.237,0.506,7.283,0.361,0.399,0.4,0.665,3.6,0.825,0.22,0.177,6.476,11.08,0.311,0.626,0.007,2.397,0.023,2.83
203500,NA,"Steven Adams","Vet",2.36,0.08,-0.56,2.92,2.08,-0.39,2.47,11.94,0.562,2.175,0.174,0.073,6.84,0.665,5.419,0.432,0.497,0.157,17.578,3.814,0.112,1.642,0.018,1.503,0.015,2.6
1628389,"Miami Heat","Bam Adebayo","Vet",2.34,-0.46,0.91,1.44,0.63,-0.12,0.75,20.967,0.547,0.535,0.188,0.028,6.543,0.708,7.782,0.782,0.408,0.238,13.785,5.324,0.162,1.272,0.013,1.641,0.016,3.55
1629008,"Denver Nuggets","Michael Porter Jr.","Vet",2.31,0.79,2,0.31,0.65,1.52,-0.87,18.261,0.571,10.617,0.395,0.571,3.292,0.732,2.458,0.78,0.146,0.181,10.77,2.202,0.061,0.84,0.01,1.012,0.01,1.34
1629057,NA,"Robert Williams III","Vet",2.26,-0.53,0.23,2.02,2.53,0.83,1.7,10.969,0.666,0.841,0.139,0.045,6.537,0.789,3.399,0.673,0.302,0.131,16.181,2.514,0.075,3.149,0.033,1.504,0.014,1.938
1626204,NA,"Larry Nance Jr.","Vet",2.13,0.99,0.19,1.94,0.8,-0.69,1.49,10.247,0.598,2.31,0.313,0.109,4.576,0.739,2.645,0.671,0.264,0.118,13.106,3.628,0.11,1.181,0.013,1.936,0.019,1.635
203497,NA,"Rudy Gobert","Vet",2.1,-1.23,-0.88,2.98,1.11,-0.35,1.46,12.568,0.661,0.799,0.161,0.049,8.777,0.753,8.581,0.608,0.759,0.175,19.161,2.529,0.079,2.271,0.024,1.064,0.011,2.885
1627759,NA,"Jaylen Brown","Vet",2.04,-1.71,2.45,-0.41,1.81,2.44,-0.63,24.829,0.549,8.16,0.343,0.317,6.555,0.717,5.692,0.735,0.239,0.272,8.262,4.601,0.156,0.559,0.006,1.506,0.015,3.677
1627751,NA,"Jakob Poeltl","Vet",1.97,0.31,-0.28,2.24,1.95,-0.44,2.39,14.535,0.633,0.833,0.167,0.046,6.526,0.746,4.449,0.527,0.322,0.172,16.325,3.672,0.108,2.318,0.025,1.377,0.014,2.552
1628991,NA,"Jaren Jackson Jr.","Vet",1.96,-0.04,0.27,1.69,1.24,-0.06,1.3,20.149,0.517,6.827,0.347,0.327,6.27,0.675,8.381,0.774,0.408,0.248,11.138,2.071,0.066,3.588,0.042,1.56,0.015,3.633
1629027,NA,"Trae Young","Vet",1.95,-0.74,3.8,-1.85,0.58,3.06,-2.48,26.105,0.48,9.603,0.351,0.385,4.313,0.604,10.892,0.859,0.44,0.304,4.583,11.768,0.426,0.378,0.004,1.435,0.015,5.489
1630217,NA,"Desmond Bane","Vet",1.94,-0.1,1.59,0.34,1.03,1.67,-0.64,22.456,0.508,10.378,0.39,0.429,5.46,0.649,5.073,0.849,0.239,0.237,7.28,5.047,0.162,0.515,0.006,1.477,0.015,2.974
1627783,NA,"Pascal Siakam","Vet",1.91,-0.85,1.69,0.21,0.78,1.13,-0.35,24.086,0.508,5.36,0.325,0.23,4.986,0.703,8.145,0.725,0.374,0.263,10.476,6.459,0.211,0.707,0.008,1.377,0.014,3.102
1628386,NA,"Jarrett Allen","Vet",1.91,0.31,0.11,1.8,1.22,0.06,1.16,12.914,0.653,0.981,0.27,0.048,7.33,0.767,4.392,0.693,0.359,0.15,14.736,2.818,0.081,1.946,0.021,1.164,0.012,1.867
1628368,NA,"De'Aaron Fox","Vet",1.9,2.32,3.25,-1.36,1.72,2.96,-1.24,26.319,0.533,9.515,0.318,0.372,3.942,0.735,7.633,0.729,0.325,0.302,5.967,7.832,0.275,0.533,0.006,1.72,0.017,3.753
1626172,NA,"Kevon Looney","Vet",1.82,0.32,0.24,1.58,1.9,-0.19,2.09,9.903,0.615,0.755,0.197,0.048,5.687,0.71,3.769,0.578,0.459,0.118,20.367,4.53,0.129,1.161,0.013,1.3,0.013,1.935
1630169,NA,"Tyrese Haliburton","Vet",1.81,1.29,2.75,-0.95,3.94,3.55,0.39,20.565,0.536,9.748,0.388,0.455,4.975,0.684,5.745,0.821,0.291,0.232,5.136,13.485,0.426,0.696,0.008,2.25,0.022,3.691
1629630,NA,"Ja Morant","Vet",1.78,-0.6,2.55,-0.77,0.02,1.93,-1.91,25.102,0.507,7.453,0.316,0.294,7.443,0.66,9.949,0.708,0.385,0.295,8.527,9.93,0.333,0.439,0.005,1.639,0.016,4.497
1629636,NA,"Darius Garland","Vet",1.77,-0.11,2.19,-0.42,0.04,1.47,-1.43,21.548,0.485,8.284,0.369,0.358,4.054,0.606,6.499,0.832,0.283,0.245,3.988,9.332,0.259,0.298,0.003,1.747,0.017,4.056
1629627,NA,"Zion Williamson","Vet",1.73,0.43,2.22,-0.49,1.54,2.59,-1.05,20.995,0.585,2.474,0.279,0.138,10.248,0.706,11.503,0.658,0.503,0.257,10.547,6.102,0.194,0.863,0.009,1.588,0.014,4.044
203114,NA,"Khris Middleton","Vet",1.71,-0.71,1.82,-0.11,1.21,2.17,-0.96,22.954,0.486,9.133,0.373,0.387,3.067,0.663,6.215,0.864,0.294,0.252,8.001,7.919,0.257,0.36,0.004,1.475,0.014,3.989
203078,NA,"Bradley Beal","Vet",1.71,0.42,2.65,-0.94,1.71,2.39,-0.68,25.687,0.513,6.799,0.354,0.251,5.512,0.698,6.869,0.808,0.293,0.285,6.272,7.406,0.249,0.81,0.009,1.31,0.013,4.151
1629651,NA,"Nicolas Claxton","Vet",1.68,1.13,0.51,1.16,2.03,0.88,1.15,12.598,0.652,0.819,0.241,0.049,7.737,0.766,5.536,0.529,0.418,0.156,15.478,3.227,0.097,3.615,0.04,1.357,0.014,2.154
1627742,NA,"Brandon Ingram","Vet",1.63,-0.84,2.42,-0.79,0.51,1.81,-1.3,26.279,0.496,4.529,0.345,0.195,4.644,0.679,9.291,0.828,0.395,0.298,8.183,8.029,0.279,0.635,0.006,0.982,0.01,4.972
203110,NA,"Draymond Green","Vet",1.6,-0.57,-1.42,3.02,0.53,-1.17,1.7,11.135,0.547,3.517,0.292,0.249,3.63,0.706,3.277,0.679,0.285,0.141,11.37,9.152,0.248,1.341,0.015,1.878,0.018,4.235
1629011,NA,"Mitchell Robinson","Vet",1.56,-0.04,0.05,1.51,2.41,1.08,1.33,9.081,0.666,0.873,0.162,0.046,7.99,0.725,4.879,0.466,0.512,0.126,15.666,1.747,0.053,3.263,0.036,1.726,0.017,1.855
1628374,NA,"Lauri Markkanen","Vet",1.55,1.25,2.13,-0.58,0.76,2.58,-1.82,27.004,0.538,12.045,0.36,0.467,5.97,0.69,8.616,0.846,0.349,0.269,11.739,2.712,0.086,0.75,0.008,1.029,0.01,2.658
203994,NA,"Jusuf Nurkic","Vet",1.53,-0.77,-0.41,1.94,0.97,-0.71,1.68,17.425,0.535,5.971,0.314,0.328,6.766,0.66,6.601,0.624,0.394,0.207,16.37,5.008,0.16,1.546,0.017,1.602,0.016,3.852
201572,NA,"Brook Lopez","Vet",1.51,-0.38,-0.56,2.07,1.96,0.77,1.19,18.018,0.592,5.999,0.336,0.295,5.365,0.751,4.537,0.777,0.253,0.195,10.425,1.983,0.06,3.307,0.035,0.946,0.01,1.992
1627936,NA,"Alex Caruso","Vet",1.5,0.79,-0.91,2.41,1.45,-1.03,2.48,11.458,0.492,6.936,0.349,0.595,2.1,0.662,2.42,0.748,0.23,0.125,6.17,4.92,0.134,1.34,0.015,2.675,0.026,2.074
1628401,NA,"Derrick White","Vet",1.5,1.06,0.58,0.92,1.14,0.78,0.36,15.298,0.522,9.584,0.359,0.592,2.135,0.663,3.766,0.854,0.257,0.173,5.581,4.591,0.125,1.396,0.016,1.163,0.012,1.684
203496,NA,"Robert Covington","Vet",1.48,-0.84,-0.69,2.17,0.78,-1.32,2.1,13.508,0.481,8.583,0.347,0.619,2.657,0.642,2.337,0.764,0.173,0.155,10.253,3.161,0.094,1.948,0.022,2.475,0.024,1.777
1628384,NA,"OG Anunoby","Vet",1.45,0.52,0.53,0.91,1.33,0.34,0.99,17.283,0.535,9.008,0.373,0.509,4.286,0.687,3.483,0.776,0.209,0.181,6.522,2.799,0.083,0.946,0.011,2.304,0.022,2.197
203484,"Denver Nuggets","Kentavious Caldwell-Pope","Vet",1.42,2.57,0.52,0.9,1.18,-0.1,1.28,12.006,0.51,6.484,0.386,0.558,1.879,0.665,2.6,0.829,0.214,0.124,4.704,2.711,0.073,0.696,0.007,1.923,0.019,1.215
1629661,NA,"Cameron Johnson","Vet",1.38,0.77,0.83,0.55,2.19,1.28,0.91,18.645,0.539,9.45,0.385,0.496,3.793,0.699,4.782,0.816,0.274,0.2,7.87,3.372,0.109,0.539,0.006,1.655,0.017,2.077
203952,NA,"Andrew Wiggins","Vet",1.37,-0.37,0.46,0.91,0.48,0.32,0.16,18.278,0.512,6.924,0.35,0.358,3.261,0.702,4.245,0.63,0.228,0.197,7.464,3.106,0.087,1.171,0.013,1.42,0.015,2.1
203992,NA,"Bogdan Bogdanovic","Vet",1.34,-0.91,1.61,-0.28,1.24,1.46,-0.22,17.488,0.509,11.611,0.373,0.644,1.851,0.648,2.657,0.801,0.153,0.177,5.515,4.236,0.13,0.687,0.007,1.622,0.016,1.778
1627884,NA,"Derrick Jones Jr.","Vet",1.33,0.55,-0.41,1.74,-0.0700000000000001,-0.9,0.83,11.975,0.552,5.959,0.324,0.443,5.479,0.68,3.762,0.686,0.304,0.149,8.302,1.956,0.059,1.715,0.019,1.401,0.015,1.632
1630168,NA,"Onyeka Okongwu","Vet",1.29,0.74,0.57,0.72,1.81,1.08,0.73,12.647,0.652,0.882,0.269,0.068,7.992,0.749,5.329,0.72,0.436,0.162,15.284,2.354,0.073,3.384,0.035,1.402,0.014,2.459
203935,NA,"Marcus Smart","Vet",1.26,-0.9,0.29,0.97,0.12,-0.23,0.35,15.698,0.502,9.015,0.333,0.567,2.419,0.657,4.214,0.769,0.269,0.177,5.463,7.191,0.187,0.505,0.006,2.155,0.021,3.213
1628997,"Miami Heat","Caleb Martin","Vet",1.23,0.47,0.23,1,1.52,0.42,1.1,14.448,0.56,7.765,0.371,0.509,3.051,0.679,3.135,0.776,0.226,0.154,8.909,2.87,0.076,0.658,0.007,1.744,0.017,1.582
203939,NA,"Dwight Powell","Vet",1.2,0.5,-0.06,1.26,0.39,-0.52,0.91,10.221,0.668,1.185,0.264,0.054,7.112,0.774,6.051,0.652,0.582,0.139,11.459,2.723,0.086,1.051,0.012,1.367,0.014,2.3
203991,NA,"Clint Capela","Vet",1.19,-0.46,0.39,0.8,0.65,0.36,0.29,12.672,0.66,0.768,0.161,0.046,9.531,0.711,3.75,0.511,0.307,0.149,19.092,1.864,0.05,2.001,0.023,1.264,0.013,1.505
1630193,NA,"Immanuel Quickley","Vet",1.18,0.12,1.12,0.06,1.01,1.28,-0.27,21.478,0.476,11.758,0.355,0.53,2.389,0.641,5.776,0.798,0.281,0.22,6.282,5.153,0.168,0.329,0.004,1.633,0.016,2.45
1631117,NA,"Walker Kessler","Rookie",1.13,3.55,0.18,0.96,1.59,0.39,1.2,13.255,0.639,1.026,0.229,0.056,7.948,0.757,4.702,0.502,0.385,0.157,17.176,2.258,0.068,4.411,0.049,0.814,0.008,1.939
203490,NA,"Otto Porter Jr.","Vet",1.12,-1.62,-0.09,1.21,2.07,0.55,1.52,12.648,0.543,6.829,0.369,0.504,2.164,0.687,2.773,0.803,0.225,0.139,9.728,3.022,0.089,0.729,0.008,2.17,0.021,1.561
1630194,NA,"Paul Reed","Vet",1.12,0.94,-0.23,1.35,1.97,0.04,1.93,13.592,0.612,0.783,0.225,0.042,9.132,0.704,3.418,0.722,0.279,0.155,16.564,2.273,0.068,2.7,0.037,2.603,0.026,2.748
203897,NA,"Zach LaVine","Vet",1.12,0.14,1.81,-0.69,2.35,3.26,-0.91,25.32,0.531,9.096,0.367,0.35,7.057,0.671,8.263,0.817,0.359,0.288,5.868,5.214,0.184,0.392,0.004,1.141,0.011,3.762
1628404,NA,"Josh Hart","Vet",1.08,1.26,0.09,0.99,0.13,-0.73,0.86,12.759,0.561,4.889,0.337,0.365,4.888,0.71,3.988,0.719,0.321,0.144,11.766,4.509,0.124,0.583,0.006,1.655,0.017,2.469
1630530,NA,"Trey Murphy III","Sophomore",1.02,1.27,1.13,-0.1,1.62,1.67,-0.05,16.664,0.549,11.138,0.378,0.631,3.188,0.704,4.418,0.862,0.266,0.175,5.482,2.336,0.065,0.753,0.009,1.657,0.016,1.396
1630529,NA,"Herbert Jones","Sophomore",1,0.1,-0.66,1.67,0.78,-1.39,2.17,13.39,0.528,4.592,0.332,0.33,4.835,0.676,4.121,0.767,0.317,0.154,7.008,4.016,0.121,1.009,0.012,2.521,0.025,2.416
203937,NA,"Kyle Anderson","Vet",0.96,0.89,-0.91,1.88,0.41,-1.15,1.56,13.541,0.504,4.012,0.333,0.231,3.244,0.653,2.902,0.704,0.253,0.155,9.707,7.962,0.229,1.522,0.017,2.048,0.02,2.877
1629750,NA,"Javonte Green","Vet",0.93,0.99,-0.21,1.14,0.65,-0.24,0.89,11.252,0.551,3.97,0.31,0.353,4.412,0.684,3.815,0.716,0.314,0.144,9.075,2.322,0.072,1.302,0.015,2.202,0.023,1.772
1628392,NA,"Isaiah Hartenstein","Vet",0.89,-1.02,-0.99,1.88,0.66,-1.16,1.82,8.488,0.57,1.163,0.302,0.057,4.554,0.675,2.627,0.638,0.306,0.099,15.469,3.465,0.102,2.293,0.027,1.703,0.017,2.241
202699,NA,"Tobias Harris","Vet",0.87,-0.19,0.81,0.06,0.78,0.71,0.07,15.663,0.543,6.011,0.366,0.364,4.083,0.707,2.919,0.832,0.179,0.17,9.283,3.202,0.092,0.818,0.009,1.195,0.012,1.626
1630163,NA,"LaMelo Ball","Vet",0.87,-1.23,1.3,-0.44,0.99,1.48,-0.49,23.473,0.464,12.971,0.353,0.553,4.346,0.594,4.99,0.805,0.223,0.259,9.078,10.157,0.311,0.489,0.006,1.865,0.019,4.56
203488,NA,"Mike Muscala","Vet",0.8,-0.25,0.07,0.73,-0.24,-0.35,0.11,14.885,0.52,10.78,0.374,0.749,1.071,0.679,2.929,0.762,0.211,0.16,10.505,2.302,0.063,1.178,0.013,0.899,0.009,1.55
201144,NA,"Mike Conley","Vet",0.8,-1.66,0.34,0.46,0.45,-0.19,0.64,13.241,0.476,8.555,0.377,0.611,0.796,0.601,4.135,0.813,0.273,0.152,4.853,7.931,0.223,0.397,0.004,1.863,0.018,2.364
202692,NA,"Alec Burks","Vet",0.78,-0.14,0.78,0,1.41,1.02,0.39,18.182,0.441,11.368,0.366,0.579,1.398,0.574,6.358,0.792,0.375,0.201,7.272,4.399,0.137,0.496,0.005,1.578,0.016,2.225
1629006,NA,"Josh Okogie","Vet",0.73,0.63,-0.5,1.23,0.3,-0.64,0.94,12.932,0.48,6.089,0.319,0.491,3.398,0.603,6.084,0.686,0.448,0.152,8.321,3.262,0.098,0.979,0.012,2.005,0.02,1.869
200768,"Miami Heat","Kyle Lowry","Vet",0.71,-0.64,-0.23,0.94,-0.59,-0.88,0.29,14.228,0.49,7.966,0.347,0.534,1.314,0.633,3.689,0.834,0.253,0.16,6.623,8.771,0.238,0.699,0.008,1.712,0.017,3.055
203944,NA,"Julius Randle","Vet",0.71,1.53,1.61,-0.9,0.5,1.37,-0.87,24.977,0.498,10.975,0.323,0.435,5.412,0.661,8.816,0.709,0.382,0.28,13.252,5.33,0.169,0.51,0.006,0.973,0.01,4.114
1630178,NA,"Tyrese Maxey","Vet",0.7,1.12,1.67,-0.97,0.62,1.78,-1.16,20.956,0.507,10.279,0.379,0.448,4.559,0.635,4.61,0.838,0.235,0.21,5.078,4.473,0.141,0.435,0.005,1.315,0.013,1.753
203915,NA,"Spencer Dinwiddie","Vet",0.7,0.12,0.89,-0.19,0.17,0.84,-0.67,18.039,0.484,7.901,0.338,0.42,3.455,0.635,6.574,0.769,0.361,0.217,5.469,9.361,0.308,0.479,0.005,1.287,0.013,3.483
1626174,NA,"Christian Wood","Vet",0.68,-0.85,0.92,-0.24,2.05,1.81,0.24,20.652,0.549,8.443,0.338,0.38,6.122,0.72,8.234,0.686,0.392,0.249,14.073,3.997,0.134,1.962,0.022,1.105,0.011,3.401
1630596,NA,"Evan Mobley","Sophomore",0.63,1.72,-0.43,1.05,0.4,-0.77,1.17,15.9,0.559,1.589,0.309,0.085,6.415,0.768,4.63,0.608,0.31,0.187,13.609,3.711,0.111,2.268,0.025,1.093,0.011,2.444
1628366,NA,"Lonzo Ball","Vet",0.62,-0.13,-0.49,1.11,1.02,-1.08,2.1,15.912,0.485,9.65,0.356,0.619,3.262,0.639,2.671,0.729,0.191,0.186,7.458,6.083,0.182,0.969,0.01,2.112,0.025,2.618
203083,NA,"Andre Drummond","Vet",0.61,0.62,-1.03,1.64,1.78,-0.35,2.13,15.584,0.568,1.129,0.184,0.045,10.496,0.646,6.345,0.501,0.431,0.195,21.417,1.998,0.062,2.119,0.025,2.452,0.025,3.88
1626161,NA,"Willie Cauley-Stein","Vet",0.6,-0.37,-1.13,1.72,0.0699999999999998,-1.35,1.42,11.984,0.561,4.19,0.251,0.273,4.447,0.693,3.36,0.619,0.287,0.15,11.995,2.858,0.09,2.03,0.023,1.537,0.015,2.194
203903,NA,"Jordan Clarkson","Vet",0.57,-1.11,1.94,-1.37,0.64,2.01,-1.37,23.288,0.492,10.705,0.325,0.435,2.872,0.658,5.527,0.798,0.244,0.254,5.917,6.033,0.193,0.304,0.003,1.153,0.012,3.734
201942,NA,"DeMar DeRozan","Vet",0.54,0.11,1.08,-0.54,1.28,1.68,-0.4,22.579,0.495,3.784,0.322,0.172,3.533,0.685,8.37,0.841,0.401,0.252,6.335,6.486,0.213,0.625,0.007,1.364,0.014,2.968
1628969,NA,"Mikal Bridges","Vet",0.54,-0.42,0.93,-0.39,1.25,1.96,-0.71,26.58,0.499,9.68,0.366,0.37,3.808,0.705,7.229,0.84,0.309,0.276,6.345,4.166,0.149,0.819,0.009,1.494,0.015,2.589
1627734,NA,"Domantas Sabonis","Vet",0.53,-0.16,0.46,0.07,0.7,-0.04,0.74,18.271,0.596,1.787,0.337,0.076,8.832,0.729,7.317,0.668,0.418,0.227,16.832,8.754,0.276,0.836,0.01,1.272,0.013,4.31
203482,NA,"Kelly Olynyk","Vet",0.53,-0.15,-0.13,0.66,0.39,0.06,0.33,14.841,0.533,6.16,0.353,0.411,3.319,0.705,6.258,0.815,0.394,0.188,11.482,6.012,0.173,0.908,0.01,1.51,0.015,4.048
1626167,NA,"Myles Turner","Vet",0.52,-0.4,0,0.53,2.15,0.79,1.36,20.35,0.577,7.059,0.35,0.326,5.665,0.735,7.276,0.745,0.379,0.237,12.071,2.611,0.082,3.602,0.04,1.038,0.01,2.655
1629028,NA,"Deandre Ayton","Vet",0.51,-2.04,-0.42,0.93,0.44,-0.74,1.18,18.291,0.608,0.95,0.282,0.048,5.608,0.772,4.368,0.71,0.249,0.2,15.9,2.251,0.063,1.36,0.015,0.972,0.01,2.326
1628449,NA,"Chris Boucher","Vet",0.5,-0.79,-0.17,0.67,0.07,-0.21,0.28,15.846,0.573,6.113,0.33,0.387,6.436,0.676,4.622,0.734,0.293,0.173,13.555,1.426,0.038,2.119,0.024,1.297,0.013,1.571
1628989,NA,"Kevin Huerter","Vet",0.5,0.76,0.9,-0.41,1.18,0.74,0.44,18.58,0.543,11.574,0.369,0.601,2.465,0.706,2.739,0.722,0.136,0.186,6.365,3.869,0.118,0.906,0.01,1.532,0.015,1.829
1629634,NA,"Brandon Clarke","Vet",0.47,-1.18,-0.22,0.69,1.74,0.44,1.3,15.009,0.637,1.608,0.304,0.059,6.686,0.757,5.589,0.663,0.38,0.173,13.803,3.223,0.102,1.68,0.019,1.51,0.015,1.947
203468,NA,"CJ McCollum","Vet",0.47,-1.09,0.99,-0.52,-0.61,0.11,-0.72,22.107,0.489,9.75,0.364,0.407,2.856,0.639,4.42,0.701,0.201,0.236,5.693,6.486,0.194,0.593,0.007,1.286,0.013,2.832
1629645,NA,"Kevin Porter Jr.","Vet",0.47,1.05,1.13,-0.66,2.22,1.95,0.27,20.029,0.487,10.155,0.348,0.513,3.124,0.669,5.709,0.738,0.292,0.223,6.91,7.186,0.237,0.401,0.004,1.833,0.018,3.786
1629639,"Miami Heat","Tyler Herro","Vet",0.46,1.15,1.14,-0.68,0.59,1.44,-0.85,25.054,0.45,11.576,0.356,0.481,2.025,0.651,4.262,0.849,0.172,0.279,7.367,6.053,0.257,0.331,0.004,1.104,0.011,3.332
1630198,NA,"Isaiah Joe","Vet",0.44,1.97,0.58,-0.13,-0.11,0.33,-0.44,16.847,0.495,12.462,0.362,0.706,1.313,0.678,3.915,0.797,0.237,0.174,5.601,2.81,0.089,0.361,0.004,1.445,0.015,1.557
203501,NA,"Tim Hardaway Jr.","Vet",0.43,0.45,0.98,-0.55,-0.4,0.25,-0.65,17.922,0.457,11.89,0.356,0.66,1.945,0.623,3.867,0.765,0.212,0.19,5.79,3.177,0.09,0.351,0.003,1.032,0.01,1.407
1627741,NA,"Buddy Hield","Vet",0.42,0.65,0.93,-0.51,0.99,1.08,-0.09,18.661,0.502,12.301,0.384,0.683,2.758,0.656,2.714,0.807,0.155,0.193,7.948,4.289,0.131,0.56,0.006,1.61,0.016,2.572
204456,NA,"T.J. McConnell","Vet",0.4,0.69,0.13,0.27,1.42,1.07,0.35,17.749,0.532,3.053,0.32,0.154,5.409,0.661,2.788,0.822,0.173,0.202,7.761,11.271,0.346,0.408,0.005,2.537,0.025,3.829
203914,NA,"Gary Harris","Vet",0.39,1.35,-0.12,0.51,0.05,-0.09,0.14,12.834,0.456,10.106,0.363,0.79,0.959,0.65,1.726,0.827,0.163,0.131,4.246,2.369,0.073,0.494,0.005,1.714,0.017,1.176
201143,NA,"Al Horford","Vet",0.39,-0.91,-1.4,1.79,0.62,0.11,0.51,11.116,0.536,8.049,0.379,0.676,1.114,0.713,1.158,0.772,0.091,0.112,11.225,4.362,0.127,2.085,0.022,1.194,0.012,1.204
1626153,NA,"Delon Wright","Vet",0.38,-0.2,-0.33,0.7,0.5,-0.32,0.82,12.824,0.49,5.487,0.331,0.399,2.478,0.684,2.937,0.807,0.238,0.141,7.488,6.577,0.211,0.653,0.007,3.181,0.031,2.067
201566,NA,"Russell Westbrook","Vet",0.34,1.15,0.74,-0.41,-1.11,0.08,-1.19,22.017,0.485,6.599,0.303,0.304,6.713,0.641,6.438,0.641,0.318,0.249,8.919,9.838,0.339,0.726,0.008,1.57,0.016,4.93
1629026,NA,"Kenrich Williams","Vet",0.31,-0.37,-0.49,0.81,0,-0.68,0.68,14.485,0.544,6.299,0.341,0.417,4.568,0.679,2.217,0.495,0.174,0.16,10.076,3.993,0.116,0.602,0.007,1.827,0.019,1.683
1628371,NA,"Jonathan Isaac","Vet",0.31,-1.03,-0.75,1.06,0.11,-0.91,1.02,16.183,0.499,5.459,0.322,0.312,5.026,0.671,3.43,0.68,0.233,0.17,14.734,2.728,0.085,2.16,0.026,2.518,0.026,1.774
1629021,NA,"Moritz Wagner","Vet",0.3,1.06,0.25,0.05,1.45,1.09,0.36,16.918,0.58,7.405,0.336,0.417,6.526,0.722,7.204,0.791,0.413,0.204,11.242,3.278,0.099,0.679,0.008,1.548,0.014,2.657
1627780,NA,"Gary Payton II","Vet",0.3,-1.29,-0.77,1.06,1.9,-0.28,2.18,12.251,0.644,3.866,0.35,0.295,5.566,0.733,2.535,0.697,0.217,0.149,9.747,2.974,0.089,0.994,0.01,2.694,0.027,2.262
1627732,NA,"Ben Simmons","Vet",0.29,-1.25,-1.26,1.56,-0.47,-1.46,0.99,11.14,0.551,1.783,0.175,0.075,4.11,0.704,3.038,0.491,0.305,0.152,11.715,9.603,0.248,1.021,0.011,2.292,0.023,3.659
1628978,NA,"Donte DiVincenzo","Vet",0.28,0.23,-0.26,0.54,0.79,0.49,0.3,13.782,0.494,10.154,0.356,0.697,2.082,0.61,2.625,0.772,0.216,0.158,7.951,6.141,0.163,0.414,0.005,2.317,0.023,2.739
1626156,NA,"D'Angelo Russell","Vet",0.28,-0.03,0.93,-0.65,-0.74,-0.08,-0.66,19.109,0.495,9.764,0.356,0.493,2.027,0.665,4.047,0.781,0.199,0.204,4.908,7.801,0.211,0.557,0.006,1.389,0.014,3.338
1626171,NA,"Bobby Portis","Vet",0.27,-0.47,0.4,-0.13,0.65,0.84,-0.19,19.416,0.53,8.23,0.365,0.398,3.716,0.657,3.344,0.735,0.169,0.204,16.408,2.252,0.066,0.683,0.008,1.034,0.01,1.821
1629611,NA,"Terance Mann","Vet",0.21,0.37,0.64,-0.43,-0.21,0.58,-0.79,13.82,0.566,6.736,0.357,0.487,3.951,0.725,3.155,0.755,0.245,0.15,6.882,4.253,0.12,0.584,0.007,1.167,0.011,2.061
203486,NA,"Mason Plumlee","Vet",0.21,-0.16,-1.08,1.28,2.42,0.31,2.11,10.786,0.659,0.78,0.17,0.05,7.57,0.754,6.593,0.572,0.646,0.146,16.201,4.73,0.142,1.263,0.014,1.243,0.012,2.486
1630552,NA,"Jalen Johnson","Sophomore",0.2,2.38,-0.98,1.17,0.57,-1.01,1.58,16.868,0.558,6.543,0.313,0.378,6.066,0.695,3.909,0.641,0.245,0.193,12.938,4.397,0.135,1.456,0.016,1.855,0.018,2.93
1628976,NA,"Wendell Carter Jr.","Vet",0.18,-0.25,-0.13,0.31,-0.18,0.37,-0.55,17.349,0.588,8.174,0.332,0.491,4.39,0.773,4.984,0.684,0.304,0.189,14.427,3.093,0.095,1.154,0.012,1,0.01,2.361
1629001,NA,"De'Anthony Melton","Vet",0.17,-0.72,-0.77,0.94,0.82,-0.7,1.52,14.062,0.479,9.454,0.356,0.61,2.939,0.634,2.474,0.766,0.182,0.152,7.055,3.943,0.107,1.152,0.013,2.635,0.026,2.216
1628960,NA,"Grayson Allen","Vet",0.15,0.29,0.07,0.08,-0.35,-0.14,-0.21,13.442,0.488,9.551,0.378,0.695,1.96,0.662,2.83,0.847,0.209,0.139,5.287,3.058,0.085,0.383,0.005,1.352,0.014,1.417
201587,NA,"Nicolas Batum","Vet",0.15,-0.4,-1.11,1.26,1.29,0.34,0.95,11.57,0.526,9.777,0.369,0.865,0.678,0.709,1.458,0.736,0.141,0.114,7.859,3.515,0.102,1.059,0.012,1.637,0.017,1.346
1628988,NA,"Aaron Holiday","Vet",0.15,0.38,-0.47,0.62,0.45,-0.23,0.68,13.6,0.456,6.577,0.346,0.469,2.097,0.594,2.481,0.803,0.195,0.149,5.045,6.044,0.173,0.682,0.007,2.065,0.021,2.548
1628379,NA,"Luke Kennard","Vet",0.12,0.32,0.65,-0.53,0.17,0.99,-0.82,13.788,0.506,10.881,0.396,0.773,0.88,0.638,1.917,0.86,0.168,0.143,6.147,3.476,0.103,0.272,0.003,1.051,0.011,1.527
1627763,NA,"Malcolm Brogdon","Vet",0.11,0.04,0.58,-0.47,0.51,1.04,-0.53,20.103,0.5,9.881,0.364,0.454,4.223,0.609,4.181,0.811,0.222,0.21,7.008,5.494,0.211,0.564,0.007,1.254,0.011,2.362
1630171,NA,"Isaac Okoro","Vet",0.11,0.27,-0.5,0.61,0.24,-0.36,0.6,11.799,0.558,6.446,0.338,0.533,3.857,0.679,3.691,0.74,0.333,0.141,5.748,2.617,0.082,0.847,0.009,1.575,0.016,1.703
1627827,NA,"Dorian Finney-Smith","Vet",0.11,-1.09,-0.52,0.63,-1.6,-1.56,-0.04,13.399,0.495,9.108,0.357,0.674,2.512,0.675,1.855,0.726,0.144,0.147,8.404,2.632,0.079,0.877,0.01,1.362,0.014,1.588
1630559,NA,"Austin Reaves","Sophomore",0.1,0.58,1.2,-1.1,-0.34,1.47,-1.81,15.621,0.545,7.741,0.351,0.467,2.394,0.725,6.406,0.826,0.443,0.174,5.607,5.806,0.17,0.381,0.004,0.931,0.009,2.452
1630167,NA,"Obi Toppin","Vet",0.1,-0.19,0.43,-0.33,-0.54,0.65,-1.19,19.05,0.589,12.493,0.34,0.623,5.13,0.732,3.05,0.764,0.176,0.198,8.965,3.048,0.092,0.777,0.008,1.234,0.012,1.81
1628381,NA,"John Collins","Vet",0.08,-0.1,-0.2,0.29,-0.18,-0.59,0.41,16.312,0.592,7.874,0.351,0.454,3.99,0.759,4.182,0.773,0.26,0.173,9.764,2.017,0.059,1.431,0.016,0.889,0.009,1.792
1629680,NA,"Matisse Thybulle","Vet",0.08,0.29,-1.23,1.31,-0.03,-1.17,1.14,10.756,0.516,6.969,0.334,0.599,2.856,0.698,1.89,0.673,0.165,0.123,5.881,2.31,0.069,1.325,0.015,3.148,0.032,1.428
1627749,NA,"Dejounte Murray","Vet",0.08,-1.73,1,-0.92,0.0799999999999998,1.2,-1.12,21.834,0.501,7.378,0.34,0.323,3.792,0.663,3.482,0.773,0.182,0.222,7.24,7.612,0.227,0.377,0.004,2.051,0.02,2.91
1628966,NA,"Keita Bates-Diop","Vet",0.07,0.95,0.12,-0.05,0.26,0.42,-0.16,16.428,0.535,6.591,0.346,0.396,4.997,0.688,4.835,0.752,0.292,0.187,8.73,3.632,0.11,0.681,0.008,1.358,0.014,2.253
1626145,NA,"Tyus Jones","Vet",0.07,-0.85,-0.09,0.16,1.09,0.64,0.45,15.372,0.49,8.142,0.357,0.499,1.65,0.617,2.549,0.778,0.156,0.172,5.563,9.788,0.273,0.271,0.003,2.181,0.022,2.23
1628971,"Denver Nuggets","Bruce Brown","Vet",0.02,-0.36,-0.51,0.53,0.53,-0.28,0.81,16.045,0.549,5.111,0.334,0.305,5.252,0.705,4.28,0.775,0.285,0.18,7.548,4.135,0.119,1.06,0.012,1.898,0.019,2.378
203084,NA,"Harrison Barnes","Vet",0.01,1.14,0.63,-0.62,-0.0899999999999999,1.09,-1.18,14.325,0.522,6.621,0.367,0.434,3.828,0.686,6.712,0.799,0.49,0.162,6.399,2.098,0.062,0.366,0.004,1.015,0.01,1.611
1630532,NA,"Franz Wagner","Sophomore",0,0.69,0.27,-0.27,-1,0.06,-1.06,19.787,0.517,6.788,0.348,0.335,5.488,0.682,6.299,0.81,0.303,0.223,6.886,4.686,0.152,0.496,0.006,1.444,0.015,2.917
1630688,NA,"Ish Wainright","Sophomore",0,0.56,-1.01,1.01,-0.23,-1.15,0.92,11.735,0.458,9.206,0.342,0.786,1.423,0.612,2.02,0.754,0.194,0.128,7.802,2.457,0.074,1.086,0.013,1.822,0.019,1.453
1629130,"Miami Heat","Duncan Robinson","Vet",0,0.09,0.67,-0.68,0.31,0.97,-0.66,18.731,0.568,14.874,0.378,0.739,1.934,0.729,2.458,0.839,0.169,0.186,4.766,3.653,0.106,0.221,0.002,1.049,0.01,1.889
1630567,NA,"Scottie Barnes","Sophomore",-0.01,-0.01,-0.19,0.18,-0.53,-0.33,-0.2,17.405,0.505,3.811,0.307,0.217,4.928,0.684,4.854,0.744,0.281,0.198,9.182,5.878,0.167,1.027,0.011,1.594,0.016,2.735
1629637,NA,"Jaxson Hayes","Vet",-0.01,0.34,-0.53,0.51,1.37,0.47,0.9,12.649,0.615,2.543,0.285,0.128,5.746,0.762,5.697,0.7,0.484,0.161,11.955,2.813,0.086,1.712,0.019,1.449,0.013,2.333
1628998,NA,"Cody Martin","Vet",-0.01,-0.59,-0.65,0.63,0.39,-0.66,1.05,12.5,0.515,5.38,0.317,0.401,3.998,0.663,3.028,0.66,0.261,0.138,7.822,3.553,0.106,0.698,0.007,2.043,0.02,1.689
1629656,NA,"Quentin Grimes","Sophomore",-0.05,1.02,-0.12,0.08,-0.15,-0.31,0.16,13.296,0.568,10.091,0.364,0.722,2.832,0.696,2.505,0.771,0.175,0.138,5.427,3.305,0.103,0.601,0.007,1.296,0.013,1.617
203924,NA,"Jerami Grant","Vet",-0.05,0.47,0.1,-0.15,0.49,0.37,0.12,19.261,0.508,8.345,0.363,0.441,4.618,0.664,7.024,0.793,0.391,0.205,6.597,3.344,0.092,1.205,0.014,1.101,0.011,2.314
203109,NA,"Jae Crowder","Vet",-0.05,-1.43,-1.27,1.21,0.04,-1.13,1.17,14.18,0.462,7.982,0.345,0.578,1.175,0.663,2.644,0.746,0.178,0.151,8.877,3.255,0.102,0.824,0.01,1.828,0.019,1.697
1630183,NA,"Jaden McDaniels","Vet",-0.05,0.68,-0.68,0.62,-1.34,-1.02,-0.32,15.262,0.535,6.666,0.349,0.423,3.973,0.725,3.273,0.72,0.225,0.168,6.568,2.471,0.075,1.399,0.017,1.348,0.014,2.405
1629056,NA,"Terence Davis","Vet",-0.06,-0.28,0.03,-0.08,0.05,-0.06,0.11,18.263,0.517,14.477,0.359,0.754,2.68,0.656,2.318,0.79,0.166,0.194,7.086,3.396,0.116,0.537,0.006,2.011,0.02,2.638
202722,NA,"Davis Bertans","Vet",-0.06,-0.46,-0.05,-0.01,-0.86,0.14,-1,15.33,0.514,13.545,0.37,0.867,1.329,0.668,1.975,0.829,0.176,0.156,6.354,2.266,0.066,0.755,0.009,1.076,0.011,1.25
1628420,NA,"Monte Morris","Vet",-0.09,-0.63,0.61,-0.7,-0.45,0.18,-0.63,16.051,0.512,7.075,0.369,0.414,1.649,0.707,2.681,0.811,0.168,0.167,5.821,8.495,0.247,0.398,0.004,1.311,0.013,1.94
1629632,NA,"Coby White","Vet",-0.09,1.5,0.24,-0.33,0.34,0.54,-0.2,16.874,0.51,9.247,0.362,0.539,3.226,0.631,2.555,0.842,0.162,0.18,6.122,6.196,0.181,0.33,0.003,1.284,0.013,2.812
1630200,NA,"Tre Jones","Vet",-0.11,0.38,0.66,-0.77,0.77,1.53,-0.76,16.688,0.504,3.996,0.324,0.242,4.393,0.643,4.09,0.806,0.258,0.183,6.024,10.414,0.31,0.288,0.003,1.968,0.019,2.764
202691,NA,"Klay Thompson","Vet",-0.11,-0.66,0.53,-0.64,-1.34,0.53,-1.87,22.115,0.465,13.385,0.388,0.602,1.559,0.663,2.719,0.831,0.134,0.217,5.827,3.024,0.093,0.58,0.007,1.032,0.011,2.121
1629162,NA,"Jordan McLaughlin","Vet",-0.12,-0.31,-0.29,0.17,-0.08,-0.11,0.03,10.358,0.483,5.91,0.319,0.55,1.746,0.609,1.919,0.726,0.176,0.131,4.863,8.544,0.226,0.396,0.005,2.346,0.025,2.349
203967,NA,"Dario Saric","Vet",-0.12,-0.03,-0.3,0.18,-0.78,-0.48,-0.3,15.807,0.518,7.856,0.344,0.482,2.99,0.677,4.098,0.789,0.253,0.177,12.153,3.318,0.107,0.638,0.007,1.376,0.013,2.57
201567,"Miami Heat","Kevin Love","Vet",-0.13,0.12,-0.42,0.29,-1.3,-0.76,-0.54,16.265,0.496,11.943,0.352,0.7,1.562,0.618,3.365,0.816,0.211,0.171,15.09,3.749,0.111,0.646,0.007,0.947,0.009,2.227
1631114,NA,"Jalen Williams","Rookie",-0.13,2.28,-0.1,-0.03,0.68,0.34,0.34,17.293,0.55,6.172,0.331,0.356,5.901,0.696,4.376,0.784,0.282,0.195,7.092,5.057,0.17,0.648,0.007,2.18,0.021,3.053
1628415,NA,"Dillon Brooks","Vet",-0.14,-0.65,-0.35,0.21,-2.63,-1.96,-0.67,18.665,0.469,10.655,0.338,0.528,2.64,0.626,3.02,0.769,0.174,0.197,5.605,3.572,0.11,0.417,0.005,1.457,0.014,2.24
1626179,NA,"Terry Rozier","Vet",-0.15,-1.07,0.61,-0.76,-0.43,0.37,-0.8,23.503,0.46,11.373,0.356,0.481,4.317,0.615,4.763,0.779,0.197,0.236,5.861,6.744,0.228,0.442,0.004,1.736,0.017,2.739
1630322,NA,"Lindy Waters III","Sophomore",-0.17,0.23,-0.02,-0.15,-0.39,-0.06,-0.33,15.413,0.509,14.491,0.343,0.9,1.363,0.666,2.145,0.763,0.185,0.156,6.977,2.741,0.084,0.818,0.009,1.406,0.015,1.52
1630568,NA,"Luka Garza","Sophomore",-0.17,0.71,0.65,-0.82,-0.23,0.65,-0.88,18.815,0.566,7.279,0.298,0.345,5.994,0.705,6.707,0.712,0.408,0.215,11.993,2.974,0.087,0.935,0.01,1.069,0.01,2.551
1628372,NA,"Dennis Smith Jr.","Vet",-0.18,0.54,-1.66,1.48,-0.96,-1.92,0.96,16.075,0.47,4.961,0.305,0.305,4.767,0.626,3.895,0.697,0.269,0.184,6.07,8.411,0.267,0.762,0.008,2.542,0.025,3.122
1627826,NA,"Ivica Zubac","Vet",-0.18,0.04,-1.52,1.34,-0.34,-1.47,1.13,12.863,0.637,0.784,0.168,0.047,7.275,0.707,6.151,0.677,0.469,0.166,17.502,1.988,0.058,1.958,0.021,0.806,0.008,2.64
1628975,NA,"Jevon Carter","Vet",-0.19,0.17,-0.51,0.32,-0.44,-0.31,-0.13,15.54,0.448,10.563,0.362,0.659,0.915,0.581,1.502,0.773,0.111,0.154,5.395,4.788,0.146,0.594,0.007,1.607,0.016,1.809
1626168,NA,"Trey Lyles","Vet",-0.19,0.84,0.18,-0.38,-1.01,0,-1.01,15.036,0.551,9.82,0.35,0.635,3.991,0.695,4.074,0.766,0.309,0.161,12.584,2.346,0.073,0.959,0.01,0.978,0.01,1.898
203487,NA,"Michael Carter-Williams","Vet",-0.21,-0.26,-1.59,1.38,-0.12,-1.67,1.55,15.085,0.457,4.828,0.289,0.298,3.974,0.615,5.291,0.635,0.317,0.183,7.27,6.259,0.208,1.12,0.011,1.786,0.019,3.369
1630586,NA,"Usman Garuba","Sophomore",-0.24,1.55,-1.41,1.17,0.22,-1.42,1.64,10.237,0.532,5.215,0.319,0.456,3.582,0.672,2.537,0.636,0.246,0.122,13.951,2.822,0.084,1.289,0.015,1.845,0.02,2.063
1630180,NA,"Saddiq Bey","Vet",-0.24,1.24,0.45,-0.69,-0.36,0.01,-0.37,16.895,0.487,9.256,0.358,0.517,4.083,0.637,4.127,0.815,0.249,0.161,8.569,2.616,0.076,0.396,0.004,1.405,0.014,1.526
203925,NA,"Joe Harris","Vet",-0.26,-0.21,-0.32,0.06,0.35,0.94,-0.59,15.03,0.516,13.114,0.359,0.854,1.229,0.664,1.359,0.708,0.11,0.153,5.448,2.821,0.084,0.382,0.004,1.049,0.01,1.439
203471,NA,"Dennis Schroder","Vet",-0.26,1.6,0.08,-0.35,-1.69,-1.16,-0.53,13.786,0.466,5.68,0.346,0.391,2.363,0.6,4.612,0.809,0.336,0.164,4.352,6.413,0.159,0.373,0.004,1.366,0.014,2.669
1629020,NA,"Jarred Vanderbilt","Vet",-0.26,-1.74,-1.42,1.16,0.4,-0.95,1.35,10.433,0.581,3.664,0.318,0.373,4.652,0.706,3.749,0.635,0.346,0.139,13.546,2.981,0.089,1.011,0.012,2.225,0.023,2.12
1630214,NA,"Xavier Tillman","Vet",-0.28,-0.06,-1.31,1.03,0.25,-1,1.25,12.04,0.596,0.87,0.299,0.058,6.327,0.711,3.408,0.575,0.289,0.14,12.615,3.91,0.117,1.114,0.013,2.137,0.021,1.894
1626195,NA,"Willy Hernangomez","Vet",-0.29,-0.11,-0.73,0.44,0.34,-0.59,0.93,17.041,0.515,2.452,0.272,0.118,8.072,0.638,12.157,0.709,0.468,0.214,17.361,3.172,0.1,1.356,0.015,1.53,0.014,3.373
1628977,NA,"Hamidou Diallo","Vet",-0.3,0.65,-0.69,0.39,-1.38,-1.24,-0.14,19.185,0.552,1.792,0.28,0.095,7.907,0.694,6.26,0.57,0.357,0.216,9.426,2.833,0.088,0.731,0.008,2.332,0.023,2.895
1629048,NA,"Goga Bitadze","Vet",-0.3,-0.16,-1.02,0.72,-0.13,-1.19,1.06,13.721,0.591,3.482,0.286,0.195,6.208,0.738,4.784,0.626,0.337,0.16,14.65,3.367,0.109,2.957,0.033,1.233,0.013,2.353
1629626,NA,"Bol Bol","Vet",-0.31,1.07,-1.1,0.79,-0.37,-0.98,0.61,15.674,0.561,5.143,0.305,0.317,4.118,0.782,3.693,0.741,0.236,0.174,12.44,3.235,0.097,2.391,0.027,1.047,0.011,3.233
1629723,NA,"John Konchar","Vet",-0.31,-0.4,-1.59,1.28,-0.57,-1.77,1.2,9.303,0.532,4.683,0.333,0.47,3.099,0.675,1.733,0.669,0.198,0.106,10.16,3.325,0.099,0.923,0.011,2.223,0.022,1.38
1629002,NA,"Chimezie Metu","Vet",-0.33,0.45,-0.43,0.09,-0.97,-0.72,-0.25,15.883,0.564,3,0.308,0.176,7.884,0.734,4.939,0.706,0.365,0.185,13.555,2.563,0.081,1.376,0.016,1.498,0.016,2.47
1626159,NA,"Justise Winslow","Vet",-0.34,-0.52,-1.71,1.37,-1.4,-2.06,0.66,12.903,0.478,4.278,0.331,0.312,4.438,0.614,2.395,0.655,0.203,0.148,9.899,5.155,0.148,0.868,0.01,1.756,0.017,2.469
1626163,NA,"Frank Kaminsky","Vet",-0.36,0.9,-1.02,0.66,-0.25,-0.72,0.47,15.044,0.508,7.246,0.329,0.448,2.736,0.669,3.585,0.759,0.261,0.163,11.43,5.009,0.191,1.141,0.012,1.212,0.012,1.888
1626196,NA,"Josh Richardson","Vet",-0.37,-0.07,-0.79,0.42,-0.14,-0.44,0.3,14.495,0.491,8.617,0.363,0.588,1.467,0.649,2.09,0.82,0.158,0.157,5.704,3.968,0.124,0.72,0.007,1.894,0.019,1.914
1630202,NA,"Payton Pritchard","Vet",-0.38,-0.8,0.37,-0.75,0.22,1.01,-0.79,18.44,0.5,11.83,0.359,0.617,3.051,0.64,2.187,0.782,0.132,0.196,6.832,6.26,0.175,0.252,0.003,1.275,0.012,2.914
202696,NA,"Nikola Vucevic","Vet",-0.38,0.15,-0.54,0.16,0.4,-0.16,0.56,19.679,0.538,5.235,0.342,0.243,4.248,0.705,3.101,0.759,0.157,0.211,16.704,4.188,0.134,1.122,0.012,1.203,0.012,2.28
1631096,NA,"Chet Holmgren",NA,-0.39,1.82,-1.27,0.88,-0.39,-1.27,0.88,16.602,0.541,5.195,0.244,0.299,5.129,0.702,4.779,0.692,0.31,0.188,12.324,2.932,0.091,2.339,0.031,1.14,0.011,2.632
1628370,NA,"Malik Monk","Vet",-0.39,-0.44,0.89,-1.28,0.73,1.85,-1.12,20.781,0.52,10.831,0.36,0.509,4.619,0.677,6.084,0.844,0.293,0.226,6.548,6.843,0.213,0.632,0.007,1.292,0.013,3.646
1628467,NA,"Maxi Kleber","Vet",-0.4,-1.19,-1.2,0.8,-0.99,-1.47,0.48,10.02,0.517,7.274,0.346,0.712,1.551,0.731,2.228,0.693,0.189,0.124,8.691,3.021,0.091,1.528,0.017,0.812,0.008,1.773
1631106,NA,"Tari Eason","Rookie",-0.4,1.51,-0.88,0.48,-0.7,-1.07,0.37,16.731,0.512,5.382,0.31,0.298,7.375,0.635,3.941,0.726,0.242,0.18,13.184,2.844,0.087,1.184,0.014,2.381,0.024,2.902
202685,NA,"Jonas Valanciunas","Vet",-0.41,-1.87,-0.7,0.28,-0.8,-0.73,-0.07,19.18,0.56,2.581,0.311,0.134,6.645,0.707,5.64,0.77,0.307,0.219,21.403,3.416,0.11,1.427,0.016,0.719,0.007,3.643
1629234,NA,"Drew Eubanks","Vet",-0.42,1.04,-1.21,0.78,0.43,-1.03,1.46,13.336,0.599,2.358,0.285,0.124,5.189,0.713,4.788,0.667,0.359,0.16,13.378,3.38,0.108,2.906,0.035,1.237,0.012,2.57
1626158,NA,"Richaun Holmes","Vet",-0.42,-0.9,-1.07,0.64,-0.17,-1.31,1.14,14.074,0.609,3.674,0.263,0.197,5.515,0.746,3.894,0.752,0.276,0.164,12.572,2.268,0.068,1.894,0.022,0.881,0.008,2.533
1630228,NA,"Jonathan Kuminga","Sophomore",-0.43,0.66,-0.16,-0.27,0.25,0.16,0.09,17.716,0.565,5.839,0.314,0.317,5.557,0.723,5.408,0.624,0.308,0.204,8.588,4.16,0.124,0.93,0.011,1.398,0.014,3.258
1629726,NA,"Garrison Mathews","Vet",-0.43,-0.07,-0.21,-0.22,-0.35,-0.04,-0.31,15.135,0.484,12.394,0.352,0.845,1.427,0.674,4.55,0.801,0.288,0.172,5.659,2.453,0.074,0.548,0.006,1.357,0.016,1.749
1629023,NA,"P.J. Washington","Vet",-0.46,-0.87,-0.7,0.25,-0.5,-0.35,-0.15,20.902,0.499,9.697,0.35,0.453,3.935,0.671,4.061,0.693,0.198,0.215,7.761,3.37,0.113,1.402,0.017,1.377,0.014,2.535
1626246,NA,"Boban Marjanovic","Vet",-0.48,0.7,-1.23,0.75,-1.36,-1.29,-0.07,17.266,0.576,1.266,0.205,0.076,6.523,0.703,5.017,0.713,0.323,0.202,16.487,2.688,0.079,1.357,0.013,1.043,0.011,3.196
1629111,NA,"Jock Landale","Sophomore",-0.51,0.6,-1.18,0.66,-1.12,-1.3,0.18,14.267,0.592,2.368,0.294,0.118,5.778,0.707,4.669,0.718,0.312,0.171,13.449,3.083,0.089,1.347,0.015,0.911,0.009,2.366
1631288,"Miami Heat","Jamal Cain","Rookie",-0.53,1.64,-0.28,-0.26,-0.5,-0.21,-0.29,14.898,0.518,6.204,0.301,0.433,4.528,0.657,4.089,0.731,0.28,0.167,9.423,2.636,0.089,0.558,0.006,1.684,0.017,1.856
1630631,NA,"Jose Alvarado","Sophomore",-0.55,-0.09,-0.67,0.12,-1.26,-1.03,-0.23,16.899,0.476,8.63,0.339,0.49,3.471,0.625,3.163,0.766,0.195,0.174,5.389,6.484,0.184,0.398,0.005,2.636,0.027,2.713
1629312,"Miami Heat","Haywood Highsmith","Vet",-0.55,2.4,-1.68,1.13,0,-1.44,1.44,11.722,0.571,5.708,0.314,0.465,3.821,0.676,2.466,0.615,0.228,0.132,9.445,2.177,0.063,0.848,0.01,1.787,0.018,1.945
1629622,"Miami Heat","Max Strus","Vet",-0.55,-0.72,-0.2,-0.36,0.08,0.34,-0.26,15.064,0.555,11.592,0.366,0.755,2.028,0.683,2.156,0.823,0.148,0.152,5.86,3.427,0.098,0.374,0.004,0.954,0.01,1.253
1630557,NA,"Corey Kispert","Sophomore",-0.56,0.47,0.46,-1.02,-0.86,0.75,-1.61,16.518,0.574,11.251,0.373,0.673,2.741,0.727,2.482,0.835,0.179,0.169,5.329,1.992,0.058,0.318,0.004,0.773,0.008,1.489
1629640,NA,"Keldon Johnson","Vet",-0.56,-1,0.64,-1.2,0.21,1.38,-1.17,24.627,0.51,8.917,0.352,0.351,7.332,0.657,7.141,0.722,0.314,0.258,7.837,4,0.133,0.359,0.004,1.077,0.011,2.828
201933,NA,"Blake Griffin","Vet",-0.57,0.71,-1.79,1.22,-0.82,-1.07,0.25,11.543,0.49,6.118,0.315,0.522,3.059,0.675,4.355,0.688,0.245,0.126,13.087,5.189,0.144,0.854,0.01,1.474,0.013,2.182
202709,NA,"Cory Joseph","Vet",-0.58,1.16,-0.36,-0.22,-1.04,-0.59,-0.45,14.569,0.487,8.788,0.353,0.592,1.395,0.653,2.786,0.802,0.211,0.155,4.75,7.726,0.248,0.402,0.005,1.48,0.015,2.291
1630591,NA,"Jalen Suggs","Sophomore",-0.58,1.51,-1.11,0.53,-0.67,-1.34,0.67,17.31,0.48,9.124,0.312,0.522,3.512,0.637,4.503,0.718,0.265,0.189,6.582,4.856,0.151,0.966,0.011,2.416,0.024,3.31
1629655,NA,"Daniel Gafford","Vet",-0.59,-0.63,-0.91,0.33,0.22,-0.64,0.86,13.197,0.661,0.82,0.18,0.046,6.981,0.795,6.065,0.641,0.473,0.169,13.572,2.562,0.083,2.794,0.031,1.078,0.011,2.551
1629659,NA,"Talen Horton-Tucker","Vet",-0.59,0.82,-0.14,-0.44,-0.74,-0.04,-0.7,24.132,0.476,7.941,0.309,0.325,5.973,0.627,7.822,0.754,0.322,0.27,7.059,8.42,0.281,0.793,0.009,1.556,0.016,4.61
1628380,NA,"Zach Collins","Vet",-0.59,0.2,-1.03,0.44,0.57,-0.58,1.15,19.206,0.532,6.774,0.344,0.323,5.542,0.68,5.251,0.754,0.293,0.224,13.112,5.058,0.166,1.761,0.019,1.235,0.012,3.797
203506,"Miami Heat","Victor Oladipo","Vet",-0.59,-0.41,-1.23,0.63,-0.61,-1.49,0.88,21.11,0.429,10.44,0.313,0.516,2.672,0.597,4.264,0.719,0.207,0.227,6.072,6.517,0.219,0.673,0.007,2.336,0.023,3.724
204060,NA,"Joe Ingles","Vet",-0.6,-0.75,-0.7,0.1,-0.17,-0.08,-0.09,11.074,0.487,9.746,0.355,0.853,0.436,0.665,1.224,0.785,0.118,0.122,5.65,5.952,0.171,0.399,0.004,1.35,0.013,2.255
1629685,NA,"Dylan Windler","Vet",-0.61,0.1,-0.73,0.12,-0.49,-0.64,0.15,12.724,0.527,7.248,0.331,0.546,3.251,0.666,3.132,0.771,0.241,0.145,8.884,3.437,0.112,0.677,0.008,1.562,0.016,2.207
1630208,NA,"Nick Richards","Vet",-0.62,0.78,-1.08,0.46,-0.36,-0.97,0.61,11.444,0.62,1.148,0.188,0.056,7.627,0.718,6.635,0.72,0.577,0.158,16.859,1.931,0.057,2.989,0.037,0.582,0.006,2.344
1629667,NA,"Jalen McDaniels","Vet",-0.63,0.89,-1.01,0.38,-1.12,-1.7,0.58,13.943,0.513,5.182,0.331,0.375,4.564,0.65,3.307,0.775,0.239,0.153,8.959,2.674,0.076,0.754,0.009,1.802,0.019,2.035
1630170,NA,"Devin Vassell","Vet",-0.64,-1.03,0.07,-0.7,-0.12,0.33,-0.45,20.97,0.471,10.47,0.358,0.484,2.708,0.652,3.731,0.786,0.181,0.213,6.108,4.673,0.143,0.657,0.008,1.698,0.017,2.036
1629673,NA,"Jordan Poole","Vet",-0.65,-1.81,0.42,-1.07,-1.41,0.33,-1.74,22.502,0.502,11.462,0.341,0.505,3.314,0.678,7.467,0.835,0.325,0.239,4.808,7.021,0.209,0.497,0.005,1.294,0.013,4.177
1626220,NA,"Royce O'Neale","Vet",-0.65,-0.37,-1.04,0.39,-0.84,-1.2,0.36,12.587,0.469,10.011,0.342,0.774,1.662,0.644,1.733,0.734,0.163,0.137,8.231,5.164,0.151,0.833,0.009,1.389,0.014,2.401
1628436,NA,"Luke Kornet","Vet",-0.66,-0.28,-1.66,1.01,-0.46,-1.54,1.08,11.538,0.627,2.185,0.296,0.123,6.392,0.716,2.847,0.757,0.238,0.142,12.194,3.029,0.096,2.527,0.028,1.05,0.009,1.698
1629643,NA,"Chuma Okeke","Vet",-0.66,-0.18,-1.29,0.63,0.56,-1.02,1.58,13.847,0.469,9.795,0.338,0.705,1.371,0.671,2.16,0.785,0.166,0.152,8.784,3.549,0.11,1.131,0.011,2.124,0.022,1.87
1630625,NA,"Dalano Banton","Sophomore",-0.67,1.15,-1.53,0.86,-0.34,-1.57,1.23,18.478,0.511,7.653,0.293,0.377,5.93,0.677,4.284,0.638,0.275,0.198,8.998,6.251,0.188,1.38,0.015,1.761,0.018,3.326
1630209,"Miami Heat","Omer Yurtseven","Vet",-0.67,0.29,-1.02,0.35,-0.57,-1.02,0.45,18.659,0.542,5.668,0.299,0.3,6.266,0.71,4.995,0.671,0.249,0.201,15.285,2.108,0.074,1.421,0.016,1.101,0.011,2.426
1630540,NA,"Miles McBride","Sophomore",-0.69,1.62,-1.43,0.74,-0.93,-1.68,0.75,14.334,0.464,8.445,0.322,0.59,2.148,0.624,3.219,0.681,0.213,0.149,4.245,4.3,0.127,0.59,0.006,2.094,0.022,1.857
203585,NA,"Rodney McGruder","Vet",-0.69,0.53,-0.72,0.03,-1.94,-1.3,-0.64,14.278,0.466,9.742,0.358,0.629,1.783,0.638,2.478,0.759,0.168,0.138,6.791,2.594,0.077,0.332,0.003,1.397,0.014,1.323
1630578,NA,"Alperen Sengun","Sophomore",-0.72,-0.2,-0.77,0.05,-0.34,-0.95,0.61,16.892,0.544,2.202,0.286,0.112,6.508,0.683,6.512,0.675,0.384,0.21,15.229,6.292,0.183,1.671,0.019,1.654,0.017,4.066
1631099,NA,"Keegan Murray","Rookie",-0.72,-0.05,0.12,-0.85,-1.03,0.14,-1.17,15.143,0.516,10.006,0.378,0.629,2.792,0.67,2.051,0.754,0.145,0.152,8.28,2.3,0.067,0.768,0.009,1.192,0.012,1.251
203920,NA,"Khem Birch","Vet",-0.73,-0.21,-1.94,1.21,-0.9,-2.08,1.18,12.775,0.503,4.263,0.277,0.265,3.17,0.668,2.749,0.716,0.263,0.146,10.419,2.817,0.085,1.429,0.017,1.311,0.013,2
1628398,NA,"Kyle Kuzma","Vet",-0.74,1.5,0.24,-0.99,-0.56,0.78,-1.34,23.253,0.5,10.661,0.324,0.442,4.705,0.701,5.298,0.704,0.236,0.246,10.072,4.64,0.145,0.72,0.009,0.894,0.009,3.688
1631207,NA,"Dalen Terry","Rookie",-0.75,1.29,-1.32,0.57,-0.67,-1.32,0.65,16.154,0.52,7.072,0.31,0.409,6.347,0.66,4.746,0.674,0.266,0.175,9.133,3.844,0.135,1.026,0.011,1.932,0.019,2.509
1628964,NA,"Mo Bamba","Vet",-0.75,-0.95,-1.24,0.49,-0.97,-1.05,0.08,15.521,0.519,8.471,0.335,0.526,4.343,0.71,3.695,0.679,0.208,0.174,15.38,2.76,0.09,2.814,0.032,1.096,0.009,2.203
1626192,NA,"Pat Connaughton","Vet",-0.75,-0.47,-0.73,-0.02,-0.67,-0.08,-0.59,13.04,0.559,10.562,0.349,0.755,2.347,0.711,1.918,0.723,0.15,0.141,9.261,2.646,0.081,0.496,0.006,1.301,0.013,1.225
1629018,NA,"Gary Trent Jr.","Vet",-0.77,-0.58,0.13,-0.89,-0.85,-0.28,-0.57,20.396,0.456,11.099,0.359,0.512,2.056,0.64,4.13,0.799,0.197,0.196,4.453,2.755,0.087,0.351,0.004,2.226,0.022,1.496
1630538,NA,"Nah'Shon Hyland","Sophomore",-0.77,-1.23,0.11,-0.88,-0.24,0.18,-0.42,23.415,0.473,12.764,0.353,0.513,4.464,0.638,4.655,0.815,0.196,0.228,6.348,6.433,0.186,0.626,0.007,1.717,0.017,3.131
202330,NA,"Gordon Hayward","Vet",-0.79,-0.81,-0.85,0.06,-0.31,-0.27,-0.04,17.439,0.481,5.225,0.353,0.294,2.382,0.687,4.865,0.805,0.284,0.203,6.653,5.961,0.185,0.491,0.005,1.307,0.013,3.036
1630541,NA,"Moses Moody","Sophomore",-0.8,-0.31,0,-0.8,-0.73,0.11,-0.84,13.665,0.557,7.594,0.358,0.533,3.387,0.687,3.393,0.736,0.241,0.148,7.318,2.811,0.079,0.702,0.008,1.107,0.012,1.571
1630643,NA,"Jay Huff","Sophomore",-0.8,1.85,-1,0.2,-0.76,-0.98,0.22,11.961,0.514,5.686,0.306,0.456,4.114,0.699,4.668,0.767,0.374,0.154,11.466,3.002,0.091,2.215,0.029,1.179,0.011,2.493
1628972,NA,"Troy Brown Jr.","Vet",-0.8,-0.4,-0.92,0.12,-1.29,-1.05,-0.24,11.762,0.491,7.383,0.346,0.608,2.042,0.675,1.474,0.769,0.139,0.122,8.12,3.004,0.094,0.508,0.006,1.549,0.016,1.328
1630573,NA,"Sam Hauser","Sophomore",-0.82,0.06,-0.11,-0.71,-1.24,-0.03,-1.21,15.258,0.516,13.505,0.368,0.807,0.902,0.712,1.653,0.732,0.14,0.148,7.727,2.702,0.084,0.788,0.009,1.093,0.011,1.372
1629652,NA,"Luguentz Dort","Vet",-0.82,0.99,-0.34,-0.48,-1.24,-0.27,-0.97,16.989,0.471,9.46,0.342,0.522,4.909,0.583,5.657,0.755,0.325,0.185,7.609,2.851,0.081,0.549,0.006,1.404,0.015,1.859
1627885,NA,"Shaquille Harrison","Vet",-0.82,-0.24,-1.62,0.8,-0.4,-1.46,1.06,13.743,0.488,4.071,0.3,0.289,4.951,0.609,4.386,0.704,0.312,0.157,8.199,9.067,0.249,1.078,0.012,2.747,0.029,2.951
1631115,"Miami Heat","Orlando Robinson","Rookie",-0.83,2.44,-1.72,0.89,-0.75,-1.69,0.94,11.639,0.526,2.248,0.251,0.09,4.96,0.689,4.119,0.672,0.331,0.142,14.606,2.759,0.084,1.442,0.017,1.279,0.013,2.279
1630692,NA,"Jordan Goodwin","Sophomore",-0.84,1.72,-1.34,0.51,-0.53,-1.32,0.79,17.365,0.495,6.832,0.324,0.384,3.267,0.663,3.469,0.773,0.205,0.196,8.186,7.162,0.227,0.897,0.01,2.236,0.023,2.911
201569,NA,"Eric Gordon","Vet",-0.84,0.02,-0.06,-0.78,-1.55,-0.04,-1.51,15.017,0.514,9.803,0.343,0.677,1.926,0.663,3.287,0.788,0.22,0.159,3.652,3.786,0.114,0.632,0.007,1.019,0.01,2.111
1627745,NA,"Damian Jones","Vet",-0.85,-1.3,-2,1.15,-0.68,-2.08,1.4,9.255,0.666,3.095,0.32,0.328,4.795,0.761,3.216,0.705,0.341,0.12,11.585,2.151,0.067,2.18,0.023,1.065,0.01,1.955
203493,NA,"Reggie Bullock","Vet",-0.86,-1.46,-0.92,0.06,-0.58,-0.42,-0.16,10.788,0.486,9.569,0.376,0.847,0.453,0.689,1.359,0.74,0.121,0.109,6.002,2.445,0.075,0.304,0.004,1.154,0.011,0.984
1626162,NA,"Kelly Oubre Jr.","Vet",-0.87,-0.02,-0.14,-0.73,-0.08,0.78,-0.86,22.725,0.502,9.813,0.337,0.435,5.567,0.667,6.522,0.717,0.282,0.238,7.75,2.06,0.054,0.636,0.007,1.858,0.019,2.105
1630224,NA,"Jalen Green","Sophomore",-0.87,0.83,1.24,-2.11,-0.97,1.52,-2.49,23.272,0.481,9.555,0.327,0.403,5.722,0.609,8.532,0.763,0.383,0.244,4.935,4.794,0.161,0.407,0.004,1.096,0.011,3.528
1630240,NA,"Saben Lee","Vet",-0.88,-1.03,-1.15,0.26,-0.72,-0.92,0.2,16.173,0.475,5.564,0.324,0.343,5.989,0.606,6.294,0.733,0.403,0.186,5.812,7.907,0.271,0.464,0.005,2.182,0.023,3.079
1629684,NA,"Grant Williams","Vet",-0.89,0.07,-1.05,0.17,-1.63,-1.15,-0.48,12.153,0.54,8.098,0.373,0.694,1.667,0.699,2.747,0.756,0.269,0.123,8.292,3.063,0.086,0.993,0.011,0.955,0.01,1.63
202687,NA,"Bismack Biyombo","Vet",-0.9,0.59,-2.73,1.83,-1.54,-2.72,1.18,12.13,0.553,0.781,0.175,0.044,5.269,0.719,4.986,0.414,0.422,0.155,14.409,2.828,0.093,4.249,0.05,0.868,0.008,2.551
1630702,NA,"Jaden Hardy","Rookie",-0.91,1.31,0.09,-1,-0.81,0.15,-0.96,22.314,0.485,11.759,0.358,0.501,5.64,0.596,4.584,0.788,0.247,0.24,6.088,4.647,0.161,0.473,0.005,1.389,0.014,3.129
1630543,NA,"Isaiah Jackson","Sophomore",-0.91,0.14,-1.01,0.1,-0.53,-1.04,0.51,13.913,0.574,1.323,0.279,0.051,8.591,0.693,5.456,0.637,0.413,0.17,13.128,2.259,0.067,3.901,0.043,1.473,0.015,2.369
1630175,NA,"Cole Anthony","Vet",-0.91,0.77,-0.38,-0.53,-1.52,-0.69,-0.83,19.309,0.464,7.546,0.336,0.39,2.358,0.619,5.042,0.823,0.251,0.211,8.899,6.829,0.218,0.797,0.009,1.247,0.011,3.013
1626224,NA,"Cedi Osman","Vet",-0.92,1.08,-0.45,-0.47,-0.28,0,-0.28,16.317,0.521,11.507,0.349,0.696,3.339,0.667,3.45,0.67,0.199,0.176,6.369,3.435,0.101,0.46,0.005,1.303,0.013,1.808
1630256,NA,"Jae'Sean Tate","Vet",-0.95,-0.52,-0.93,-0.02,-1.41,-1.2,-0.21,16.017,0.52,4.105,0.315,0.239,5.372,0.677,4.206,0.679,0.271,0.182,9.008,5.185,0.172,0.72,0.008,1.617,0.017,3.152
201980,NA,"Danny Green","Vet",-0.95,-2.41,-1.86,0.92,0.11,-0.88,0.99,13.713,0.443,10.797,0.349,0.778,0.732,0.592,1.425,0.706,0.129,0.152,6.399,2.513,0.078,1.155,0.012,1.993,0.021,2.153
1629646,NA,"Charles Bassey","Sophomore",-0.95,0.79,-1.2,0.25,-0.96,-1.31,0.35,14.501,0.587,1.481,0.252,0.078,6.69,0.717,3.537,0.621,0.258,0.166,16.324,3.799,0.126,2.979,0.037,1.446,0.015,3.241
202684,NA,"Tristan Thompson","Vet",-0.96,-0.41,-1.86,0.9,-2.38,-2.15,-0.23,14.245,0.543,1.261,0.164,0.063,6.601,0.625,5.648,0.486,0.577,0.161,15.418,2.525,0.072,1.231,0.014,1.103,0.011,2.355
1630539,NA,"Kai Jones","Sophomore",-0.96,1.35,-1.94,0.98,-1.09,-2.05,0.96,10.617,0.568,2.834,0.292,0.161,4.461,0.735,2.626,0.694,0.246,0.134,11.232,1.9,0.057,2.911,0.028,1.372,0.014,2.576
1626166,NA,"Cameron Payne","Vet",-0.96,-0.34,-0.17,-0.79,-0.55,-0.02,-0.53,18.755,0.463,9.321,0.343,0.488,2.041,0.605,2.4,0.775,0.139,0.202,5.719,7.704,0.198,0.497,0.006,1.521,0.015,3.238
1627777,NA,"Georges Niang","Vet",-0.97,-0.18,-0.34,-0.62,-0.88,-0.16,-0.72,13.952,0.514,11.233,0.369,0.759,1.09,0.668,1.496,0.816,0.125,0.146,5.762,2.195,0.063,0.409,0.006,0.857,0.009,1.51
1630166,NA,"Deni Avdija","Vet",-0.97,0.24,-1.2,0.23,-1.92,-1.93,0.01,15.439,0.5,6.352,0.325,0.417,4.327,0.689,4.286,0.729,0.28,0.179,11.44,4.856,0.159,0.655,0.007,1.473,0.015,3.319
201976,NA,"Patrick Beverley","Vet",-0.97,-2.12,-1.81,0.84,-0.4,-1.42,1.02,10.072,0.485,7.141,0.337,0.691,0.874,0.617,2.019,0.659,0.218,0.115,6.815,5.112,0.156,1.098,0.013,1.774,0.017,1.746
1630526,NA,"Jeremiah Robinson-Earl","Sophomore",-0.98,1.19,-0.62,-0.36,-1.24,-0.77,-0.47,13.554,0.498,6.876,0.336,0.477,4.586,0.637,2.882,0.775,0.207,0.152,10.603,2.616,0.078,0.561,0.007,1.333,0.013,1.588
1628365,NA,"Markelle Fultz","Vet",-0.98,-0.16,-0.7,-0.28,-0.19,-0.19,0,19.038,0.534,3.438,0.311,0.193,5.559,0.675,4.16,0.758,0.227,0.211,6.201,8.27,0.282,0.728,0.007,2.273,0.023,3.613
1629004,NA,"Svi Mykhailiuk","Vet",-0.98,0.56,-0.8,-0.18,-1.77,-0.98,-0.79,18.833,0.481,10.373,0.359,0.566,3.219,0.647,3.635,0.741,0.208,0.204,5.733,4.971,0.182,0.458,0.005,1.562,0.016,2.705
1631100,NA,"AJ Griffin","Rookie",-0.99,1.15,-0.26,-0.73,-1,-0.3,-0.7,17.424,0.505,9.09,0.348,0.515,2.104,0.646,2.626,0.802,0.16,0.184,6.101,2.689,0.085,0.59,0.006,1.2,0.014,1.7
203933,NA,"T.J. Warren","Vet",-1.02,-0.87,-1.22,0.2,-1.63,-1.74,0.11,14.693,0.513,4.951,0.341,0.336,2.378,0.686,2.288,0.78,0.139,0.152,8.093,2.444,0.069,0.919,0.01,1.418,0.015,1.379
1629052,NA,"Oshae Brissett","Vet",-1.03,-0.07,-1,-0.03,-1.83,-1.75,-0.08,15.427,0.475,6.2,0.339,0.393,5.87,0.609,6.573,0.687,0.427,0.194,9.939,2.527,0.072,0.754,0.008,1.329,0.014,1.955
1630192,"Denver Nuggets","Zeke Nnaji","Vet",-1.04,0.83,-1.51,0.47,-0.12,-0.89,0.77,15.488,0.61,7.582,0.327,0.464,6.356,0.734,5.147,0.614,0.284,0.186,10.399,1.747,0.056,1.504,0.017,1.265,0.013,2.21
1630700,NA,"Dyson Daniels","Rookie",-1.04,0.99,-1.9,0.86,-0.91,-1.8,0.89,10.848,0.491,5.245,0.298,0.463,3.014,0.656,2.495,0.661,0.215,0.131,8.826,5.945,0.179,0.554,0.006,1.927,0.019,2.875
2738,NA,"Andre Iguodala","Vet",-1.06,-0.16,-3.06,2,-0.52,-1.92,1.4,8.956,0.478,5.039,0.309,0.561,1.298,0.707,1.679,0.598,0.179,0.108,7.114,6.659,0.182,1.252,0.014,1.759,0.018,2.117
1630184,NA,"Kira Lewis Jr.","Vet",-1.07,1.16,-0.81,-0.26,-1.39,-1.09,-0.3,17.129,0.502,8.145,0.322,0.457,4.417,0.637,3.851,0.823,0.217,0.18,6.236,5.224,0.16,0.616,0.006,1.734,0.018,2.372
1629638,NA,"Nickeil Alexander-Walker","Vet",-1.07,0.55,-1.14,0.06,-1.13,-1.39,0.26,14.278,0.506,9.108,0.355,0.651,2.046,0.608,2.355,0.697,0.203,0.147,5.402,4.139,0.116,0.823,0.01,1.564,0.016,1.973
1626149,NA,"Montrezl Harrell","Vet",-1.07,-1.85,-0.71,-0.37,-1.44,-0.56,-0.88,16.211,0.606,2.724,0.202,0.131,8.393,0.728,7.547,0.603,0.489,0.195,12.136,2.561,0.076,1.506,0.018,1.103,0.011,2.779
1630583,NA,"Santi Aldama","Sophomore",-1.08,0.86,-0.49,-0.59,-1.06,-0.28,-0.78,14.692,0.551,7.199,0.331,0.477,4.383,0.696,4.145,0.714,0.285,0.161,11.275,2.759,0.083,1.008,0.012,1.223,0.012,1.89
1627747,NA,"Caris LeVert","Vet",-1.08,0.22,-0.85,-0.23,-0.98,-0.95,-0.03,16.167,0.48,9.108,0.347,0.536,3.022,0.641,3.851,0.711,0.23,0.179,6.37,5.206,0.151,0.591,0.006,1.6,0.016,2.343
1630595,NA,"Cade Cunningham","Sophomore",-1.1,-0.17,-0.53,-0.57,-1.52,-1.12,-0.4,21.577,0.511,7.339,0.325,0.351,5.056,0.624,4.894,0.823,0.224,0.269,8.166,7.119,0.24,0.918,0.009,1.571,0.016,3.856
1630560,NA,"Cam Thomas","Sophomore",-1.12,0.71,0.6,-1.72,-1.02,0.89,-1.91,24.135,0.509,8.238,0.324,0.356,3.053,0.634,7.365,0.81,0.332,0.259,5.327,3.491,0.117,0.51,0.005,1.194,0.012,3.048
1630191,NA,"Isaiah Stewart","Vet",-1.12,0.85,-0.99,-0.13,-1.45,-1.2,-0.25,15.173,0.543,7.752,0.337,0.484,4.841,0.622,4.585,0.7,0.281,0.173,14.32,2.773,0.085,1.334,0.015,0.785,0.008,2.368
1629216,"Miami Heat","Gabe Vincent","Vet",-1.13,0.11,-0.79,-0.34,-1.88,-1.02,-0.86,17.074,0.487,9.814,0.364,0.562,2.11,0.596,2.828,0.859,0.174,0.175,3.777,5.151,0.147,0.254,0.002,1.658,0.017,2.444
1630531,NA,"Jaden Springer","Sophomore",-1.14,-0.16,-1.22,0.09,-1.11,-1.22,0.11,16.379,0.538,3.235,0.257,0.227,5.118,0.677,3.897,0.734,0.278,0.175,7.293,3.569,0.11,0.989,0.009,2.052,0.021,2.331
1629675,NA,"Naz Reid","Vet",-1.14,-1.23,-0.8,-0.33,-0.4,-0.22,-0.18,22.127,0.575,8.925,0.34,0.363,6.993,0.725,5.194,0.676,0.252,0.248,12.655,3.158,0.101,1.835,0.022,1.461,0.015,3.427
1627739,NA,"Kris Dunn","Vet",-1.14,-0.03,-1.55,0.41,-0.97,-1.58,0.61,16.859,0.509,3.675,0.328,0.173,3.715,0.644,3.846,0.783,0.277,0.196,7.779,8.777,0.283,0.653,0.007,2.468,0.025,3.546
1629012,NA,"Collin Sexton","Vet",-1.14,0.62,0.39,-1.54,-1.03,0.51,-1.54,19.54,0.511,6.643,0.356,0.315,4.93,0.65,7.198,0.783,0.385,0.22,4.671,5.472,0.196,0.384,0.004,1.255,0.013,3.448
1628373,NA,"Frank Ntilikina","Vet",-1.15,-0.66,-1.56,0.4,-2.09,-2.39,0.3,11.615,0.473,5.658,0.337,0.476,1.795,0.596,2.816,0.688,0.214,0.141,5.121,4.029,0.121,0.57,0.006,1.583,0.016,2.17
1629731,NA,"Dean Wade","Vet",-1.15,-0.45,-1.57,0.41,-1.97,-1.67,-0.3,10.745,0.498,7.509,0.329,0.715,1.482,0.703,2.079,0.661,0.171,0.123,8.807,2.277,0.068,0.923,0.011,1.494,0.015,1.231
1627814,NA,"Damion Lee","Vet",-1.16,-0.54,-0.99,-0.17,-2.04,-1.35,-0.69,14.718,0.467,8.114,0.362,0.549,1.575,0.664,3.09,0.844,0.209,0.151,7.014,2.991,0.094,0.343,0.004,1.174,0.012,1.877
1629013,NA,"Landry Shamet","Vet",-1.17,0.59,-0.93,-0.24,-2.07,-1.34,-0.73,14.369,0.474,9.864,0.377,0.677,1.792,0.6,2.3,0.82,0.164,0.152,4.574,4.347,0.124,0.322,0.004,1.144,0.011,1.598
1628410,NA,"Edmond Sumner","Vet",-1.18,0.21,-1.02,-0.16,-1.35,-1.09,-0.26,16.293,0.524,5.661,0.337,0.335,5.581,0.651,6.281,0.806,0.378,0.197,5.659,3.774,0.117,0.661,0.007,1.703,0.017,2.896
1630549,NA,"Day'Ron Sharpe","Sophomore",-1.18,0.22,-1.28,0.1,-1.16,-1.35,0.19,14.499,0.568,1.588,0.276,0.071,9.099,0.67,4.821,0.612,0.355,0.18,15.714,3.278,0.102,2.647,0.031,1.477,0.013,3.454
1630644,NA,"Mac McClung","Sophomore",-1.18,0.93,-1.09,-0.09,-1.17,-1.1,-0.07,16.404,0.494,10.15,0.33,0.539,4.269,0.634,4.076,0.713,0.262,0.175,7.295,6.026,0.184,0.616,0.007,1.53,0.017,3.2
1626181,NA,"Norman Powell","Vet",-1.19,-1.12,-0.15,-1.04,-0.09,0.91,-1,21.091,0.508,8.973,0.375,0.417,5.264,0.649,7.804,0.797,0.383,0.242,5.327,3.529,0.118,0.564,0.006,1.463,0.015,2.84
1629139,NA,"Yuta Watanabe","Vet",-1.19,0.59,-1.26,0.06,-0.89,-1.31,0.42,12.522,0.483,8.459,0.357,0.652,2.3,0.672,2.819,0.654,0.236,0.146,7.831,2.745,0.085,0.957,0.011,1.328,0.014,1.668
1630188,NA,"Jalen Smith","Vet",-1.21,-0.32,-0.65,-0.56,-0.95,-0.59,-0.36,17.622,0.58,6.149,0.326,0.334,6.397,0.736,5.497,0.744,0.299,0.196,14.331,2.505,0.076,2.339,0.026,0.874,0.008,2.366
1631169,NA,"Josh Minott","Rookie",-1.21,1.09,-1.38,0.17,-1.2,-1.39,0.19,14.384,0.549,5.117,0.298,0.329,6.478,0.675,4.457,0.755,0.28,0.167,10.397,2.621,0.082,1.954,0.021,1.575,0.017,2.491
1631105,NA,"Jalen Duren","Rookie",-1.22,1.42,-0.78,-0.45,-0.66,-0.54,-0.12,13.257,0.613,0.895,0.206,0.048,7.498,0.722,4.866,0.61,0.398,0.169,17.952,2.495,0.072,1.716,0.024,1.276,0.013,2.921
1631109,NA,"Mark Williams","Rookie",-1.24,0.88,-1.01,-0.22,-1.12,-0.87,-0.25,14.832,0.605,0.965,0.222,0.048,8.66,0.715,5.19,0.678,0.376,0.176,16.706,1.509,0.04,2.556,0.026,1.412,0.014,2.3
1630174,NA,"Aaron Nesmith","Vet",-1.25,0.18,-0.83,-0.42,-1.58,-1.25,-0.33,15.105,0.499,8.422,0.356,0.551,3.513,0.648,4.006,0.812,0.267,0.165,7.47,2.687,0.081,0.813,0.009,1.409,0.015,2.161
1630579,NA,"Jericho Sims","Sophomore",-1.25,0.26,-1.93,0.68,-0.64,-1.8,1.16,8.241,0.623,2.029,0.162,0.053,4.591,0.743,2.185,0.629,0.24,0.102,14.812,2.072,0.064,1.494,0.018,1.076,0.011,1.988
1628464,NA,"Daniel Theis","Vet",-1.25,-0.39,-1.72,0.47,-0.85,-1.69,0.84,15.389,0.594,5.298,0.292,0.314,5.294,0.731,3.673,0.628,0.239,0.175,11.694,3.134,0.096,1.869,0.023,1.214,0.011,2.115
203458,NA,"Alex Len","Vet",-1.25,0.21,-2.58,1.33,-2.26,-2.94,0.68,10.781,0.592,1.624,0.286,0.074,6.39,0.708,4.644,0.656,0.406,0.146,15.746,2.621,0.085,2.681,0.031,1.028,0.01,3.169
1631111,NA,"Wendell Moore Jr.","Rookie",-1.26,1.17,-1.96,0.7,-1.17,-1.96,0.79,13.504,0.527,5.035,0.304,0.364,4.787,0.662,3.427,0.733,0.246,0.158,6.498,4.514,0.125,1.023,0.011,1.787,0.018,2.517
1630284,NA,"Kevon Harris","Rookie",-1.26,0.67,-1.19,-0.07,-1.34,-1.21,-0.13,13.487,0.484,6.956,0.321,0.498,3.9,0.635,4.513,0.731,0.324,0.161,7.155,2.608,0.079,0.705,0.007,1.602,0.016,2.45
203095,NA,"Evan Fournier","Vet",-1.27,-0.27,-1.01,-0.26,-1.95,-1.22,-0.73,16.664,0.439,12.01,0.357,0.709,0.575,0.644,2.553,0.76,0.153,0.168,4.834,3.484,0.106,0.422,0.004,1.561,0.016,2.023
1628984,NA,"Devonte' Graham","Vet",-1.28,-0.7,-0.74,-0.54,-0.74,-0.66,-0.08,16.315,0.458,12.212,0.348,0.747,1.03,0.6,4.941,0.764,0.259,0.175,4.645,6.502,0.203,0.493,0.005,1.508,0.015,2.168
1630558,NA,"Davion Mitchell","Sophomore",-1.28,1.06,-0.66,-0.62,-1.34,-0.73,-0.61,14.203,0.502,8.22,0.338,0.557,2.356,0.654,1.779,0.748,0.135,0.146,3.895,5.543,0.171,0.512,0.006,1.413,0.015,2.063
1630230,NA,"Naji Marshall","Vet",-1.28,-0.57,-1.29,0.01,-1.75,-1.63,-0.12,15.747,0.502,5.684,0.312,0.346,3.831,0.635,4.876,0.738,0.322,0.174,8.355,4.856,0.145,0.471,0.006,1.505,0.015,2.815
1629134,NA,"Kendrick Nunn","Vet",-1.29,-0.68,-0.26,-1.03,-1.17,-0.11,-1.06,20.518,0.484,11.082,0.36,0.52,2.664,0.667,2.497,0.829,0.128,0.216,5.727,4.725,0.168,0.535,0.005,1.413,0.014,3.329
1630647,NA,"Eugene Omoruyi","Sophomore",-1.29,0.94,-1.19,-0.1,-1.33,-1.27,-0.06,16.626,0.509,8.054,0.328,0.467,5.721,0.663,5.036,0.668,0.264,0.193,8.246,2.629,0.077,0.461,0.005,1.836,0.018,2.501
1630172,NA,"Patrick Williams","Vet",-1.29,0.53,-1.58,0.29,-1.2,-1.35,0.15,15.47,0.497,7.2,0.377,0.427,3.352,0.671,2.789,0.793,0.193,0.165,6.853,2.104,0.065,1.542,0.017,1.615,0.016,1.976
1631112,NA,"Kendall Brown","Rookie",-1.29,1.03,-1.85,0.56,-1.28,-1.85,0.57,12.74,0.525,4.356,0.268,0.32,4.67,0.668,3.739,0.684,0.277,0.156,8.369,3.142,0.099,0.941,0.01,1.587,0.017,2.352
201568,NA,"Danilo Gallinari","Vet",-1.3,-0.87,-1.1,-0.2,-2.48,-1.44,-1.04,16.874,0.467,7.786,0.364,0.463,1.912,0.65,3.23,0.87,0.244,0.168,8.586,2.854,0.093,0.511,0.005,0.914,0.009,1.495
1627752,NA,"Taurean Prince","Vet",-1.3,-0.55,-0.97,-0.33,-1.41,-0.88,-0.53,16.112,0.495,9.394,0.358,0.586,3.05,0.622,3.338,0.802,0.217,0.181,5.361,2.865,0.083,0.596,0.007,1.377,0.014,2.444
1631298,"Denver Nuggets","Jack White","Rookie",-1.31,0.37,-1.42,0.11,-1.28,-1.41,0.13,14.226,0.508,7.058,0.32,0.469,3.861,0.649,3.758,0.694,0.236,0.162,10.889,3.194,0.095,1.02,0.011,1.488,0.015,2.241
1631128,"Denver Nuggets","Christian Braun","Rookie",-1.32,0.76,-1.64,0.32,-0.62,-1.22,0.6,12.561,0.566,3.461,0.309,0.268,5.692,0.687,3.507,0.659,0.287,0.14,8.207,2.609,0.074,0.711,0.008,1.907,0.019,1.8
1631199,NA,"Ron Harper Jr.","Rookie",-1.34,0.79,-1.31,-0.03,-1.33,-1.31,-0.02,13.754,0.532,7.65,0.319,0.551,4.246,0.653,3.442,0.737,0.248,0.152,8.069,3.845,0.11,0.961,0.009,1.374,0.014,2.08
1630598,NA,"Aaron Wiggins","Sophomore",-1.35,0.66,-0.95,-0.4,-1.58,-0.86,-0.72,13.626,0.551,5.086,0.332,0.347,5.168,0.686,2.993,0.781,0.229,0.15,7.234,2.391,0.075,0.57,0.006,1.368,0.014,2.004
1629628,NA,"RJ Barrett","Vet",-1.35,-0.42,0.08,-1.43,-1.22,0.05,-1.27,22.444,0.494,8.345,0.334,0.354,7.475,0.616,8.433,0.698,0.385,0.249,7.042,4.018,0.126,0.429,0.005,0.838,0.009,3.099
1630587,NA,"Isaiah Livers","Sophomore",-1.35,-0.04,-1.13,-0.22,-1.56,-1.27,-0.29,13.227,0.515,8.711,0.36,0.639,1.211,0.694,2.444,0.793,0.187,0.139,6.327,2.08,0.064,0.951,0.01,1.304,0.013,1.624
203552,NA,"Seth Curry","Vet",-1.36,-1.85,-0.42,-0.95,-0.28,0.71,-0.99,17.049,0.519,9.691,0.377,0.508,1.078,0.616,2.465,0.843,0.154,0.176,4.212,3.735,0.117,0.317,0.004,1.3,0.013,1.884
1630590,NA,"Scotty Pippen Jr.","Rookie",-1.37,1.24,-1.79,0.42,-1.36,-1.79,0.43,15.076,0.501,7.081,0.281,0.395,4.171,0.624,4.133,0.704,0.302,0.171,6.504,4.676,0.148,0.835,0.008,1.705,0.018,2.471
1630233,NA,"Nathan Knight","Vet",-1.38,-0.91,-1.1,-0.28,-1.18,-0.96,-0.22,14.854,0.543,5.179,0.291,0.348,5.662,0.677,7.637,0.638,0.435,0.185,11.671,2.532,0.083,1.298,0.016,1.381,0.014,3.257
1629117,NA,"Wenyen Gabriel","Vet",-1.39,0.62,-1.47,0.08,-2.03,-1.89,-0.14,11.131,0.571,1.646,0.307,0.096,6.305,0.691,4.348,0.57,0.351,0.138,13.726,1.99,0.058,1.753,0.02,1.295,0.013,2.499
1631120,NA,"JD Davison","Rookie",-1.4,1.55,-2.45,1.05,-1.36,-2.46,1.1,12.769,0.48,6.185,0.29,0.461,2.315,0.628,3.022,0.715,0.223,0.152,6.344,5.957,0.19,0.895,0.008,1.584,0.017,2.307
203469,"Miami Heat","Cody Zeller","Vet",-1.41,-1.3,-1.74,0.33,-1.45,-2.08,0.63,12.377,0.611,0.548,0.26,0.031,7.459,0.686,5.794,0.644,0.42,0.153,15.174,2.176,0.067,1.074,0.011,1.187,0.012,2.638
1630182,NA,"Josh Green","Vet",-1.42,-1.33,-1.06,-0.36,-1.95,-1.46,-0.49,12.511,0.568,5.766,0.352,0.444,3.474,0.718,2.953,0.691,0.225,0.143,6.622,3.343,0.102,0.293,0.003,1.448,0.014,2.251
1630581,NA,"Josh Giddey","Sophomore",-1.43,0.15,-0.28,-1.15,-0.82,0.4,-1.22,22.311,0.506,6.131,0.314,0.286,6.576,0.646,3.807,0.683,0.179,0.226,11.56,8.536,0.271,0.588,0.007,1.181,0.012,3.807
1629631,NA,"De'Andre Hunter","Vet",-1.43,-0.23,-0.49,-0.94,-2.48,-1.13,-1.35,17.603,0.507,7.686,0.365,0.401,3.042,0.647,4.147,0.783,0.249,0.189,6.766,2.255,0.066,0.513,0.005,0.904,0.009,1.789
1631094,NA,"Paolo Banchero","Rookie",-1.45,-0.15,0,-1.45,-1.85,-0.23,-1.62,21.269,0.471,5.993,0.316,0.293,5.88,0.657,9.805,0.696,0.478,0.251,10.759,4.932,0.157,0.877,0.01,1.184,0.012,3.836
1629676,NA,"Isaiah Roby","Vet",-1.47,-0.86,-1.53,0.06,-1.97,-1.84,-0.13,14.877,0.502,6.327,0.323,0.388,4.182,0.669,4.328,0.601,0.303,0.169,11.134,3.395,0.106,1.123,0.013,1.676,0.017,2.573
1631101,NA,"Shaedon Sharpe","Rookie",-1.48,0.55,0.21,-1.7,-1.1,0.63,-1.73,21.296,0.515,9.746,0.344,0.467,5.25,0.685,4.045,0.738,0.216,0.24,6.894,4.187,0.155,0.676,0.008,1.195,0.012,3.172
1630231,NA,"Kenyon Martin Jr.","Vet",-1.48,-0.28,-0.62,-0.86,-2.01,-0.81,-1.2,14.752,0.619,4.274,0.322,0.265,7.001,0.747,4.934,0.659,0.322,0.17,9.035,2.498,0.074,0.714,0.008,0.951,0.01,1.874
202711,NA,"Bojan Bogdanovic","Vet",-1.49,-1.42,0.09,-1.58,-1.23,0.72,-1.95,21.43,0.487,9.527,0.369,0.45,2.957,0.656,6.601,0.84,0.323,0.238,6.056,3.672,0.116,0.308,0.003,0.917,0.009,2.94
200752,NA,"Rudy Gay","Vet",-1.5,-0.63,-1.82,0.32,-3.37,-2.33,-1.04,17.296,0.45,8.37,0.341,0.446,1.681,0.665,3.075,0.799,0.171,0.179,9.769,3.297,0.106,1.109,0.012,1.206,0.012,2.438
1629014,NA,"Anfernee Simons","Vet",-1.51,-0.45,0.64,-2.15,-2.22,0.78,-3,22.236,0.492,11.565,0.372,0.514,3.838,0.635,4.258,0.85,0.195,0.228,3.846,5.667,0.19,0.35,0.004,0.97,0.01,2.89
1631212,"Denver Nuggets","Peyton Watson","Rookie",-1.54,0.74,-1.72,0.17,-1.44,-1.68,0.24,17.097,0.499,4.186,0.299,0.299,5.917,0.672,5.66,0.613,0.348,0.197,10.04,2.844,0.085,2.214,0.023,1.227,0.012,2.517
1629677,NA,"Luka Samanic","Vet",-1.55,0.25,-1.45,-0.1,-1.6,-1.49,-0.11,15.784,0.565,8.611,0.322,0.508,4.014,0.707,3.677,0.695,0.262,0.188,9.371,3.302,0.102,0.973,0.01,1.324,0.014,2.407
200782,NA,"P.J. Tucker","Vet",-1.57,-1.04,-2.58,1,-1.94,-2.28,0.34,8.599,0.48,5.861,0.344,0.744,1.061,0.6,1.218,0.748,0.135,0.093,8.287,2.234,0.065,0.554,0.006,1.353,0.014,1.357
203476,NA,"Gorgui Dieng","Vet",-1.57,-0.54,-1.88,0.31,-1.11,-1.3,0.19,14.796,0.503,9.61,0.327,0.606,2.058,0.674,2.514,0.776,0.175,0.177,14.249,5.764,0.185,1.839,0.022,1.342,0.013,3.435
203086,NA,"Meyers Leonard","Vet",-1.58,-0.38,-1.48,-0.1,-2.01,-1.24,-0.77,11.822,0.521,7.807,0.326,0.558,2.629,0.687,3.258,0.742,0.272,0.144,12.817,2.003,0.059,0.637,0.007,0.805,0.008,2.256
1630241,NA,"Sam Merrill","Vet",-1.59,0.4,-1.07,-0.52,-1.57,-1.08,-0.49,16.118,0.496,11.888,0.316,0.74,1.826,0.636,3.078,0.75,0.198,0.17,7.121,3.677,0.118,0.43,0.005,1.777,0.019,1.901
1630177,NA,"Theo Maledon","Vet",-1.61,1.2,-1.33,-0.28,-1.66,-1.72,0.06,15.971,0.467,5.768,0.323,0.351,3.397,0.586,4.415,0.786,0.287,0.187,7.102,7.98,0.257,0.651,0.007,1.81,0.018,3.883
201588,NA,"George Hill","Vet",-1.62,-1.4,-1.51,-0.11,-0.31,-0.33,0.02,11.181,0.511,6.942,0.339,0.671,1.555,0.671,2.56,0.797,0.235,0.128,5.224,5.509,0.169,0.403,0.004,1.562,0.015,1.806
1631165,NA,"Keon Ellis","Rookie",-1.63,0.91,-1.6,-0.03,-1.61,-1.6,-0.01,13.63,0.484,8.018,0.312,0.577,2.826,0.624,3.826,0.692,0.262,0.157,5.909,4.666,0.157,0.679,0.007,1.951,0.02,2.227
1631107,"Miami Heat","Nikola Jovic","Rookie",-1.63,1.32,-1.2,-0.43,-1.62,-1.19,-0.43,17.425,0.53,7.467,0.31,0.44,4.885,0.69,5.333,0.742,0.305,0.183,10.84,2.106,0.066,0.979,0.011,1.391,0.014,2.371
1629060,NA,"Rui Hachimura","Vet",-1.64,0.66,-0.84,-0.8,-2.41,-0.89,-1.52,16.592,0.556,5.125,0.351,0.294,5.108,0.712,3.775,0.759,0.25,0.173,8.662,1.809,0.052,0.668,0.008,0.904,0.009,1.491
1628963,NA,"Marvin Bagley III","Vet",-1.64,0.65,-1.11,-0.53,-0.96,-0.79,-0.17,19.067,0.552,4.4,0.306,0.231,5.891,0.738,5.67,0.675,0.302,0.216,13.334,2.152,0.065,1.211,0.014,0.949,0.01,2.27
201988,NA,"Patty Mills","Vet",-1.64,-1.13,-0.63,-1.01,-1.81,-1.04,-0.77,16.612,0.46,11.219,0.36,0.686,0.722,0.651,2.06,0.788,0.124,0.17,4.072,4.21,0.127,0.356,0.004,1.058,0.011,1.834
201565,NA,"Derrick Rose","Vet",-1.65,-1.69,-1.15,-0.5,-2.48,-1.58,-0.9,20.299,0.446,8.891,0.328,0.436,3.41,0.593,2.533,0.834,0.139,0.194,5.756,6.466,0.167,0.713,0.007,1.552,0.013,2.79
1629003,NA,"Shake Milton","Vet",-1.65,-0.21,-0.91,-0.74,-2.44,-1.46,-0.98,15.186,0.489,5.168,0.338,0.327,3.708,0.643,3.496,0.791,0.242,0.171,5.879,7.151,0.205,0.514,0.006,1.233,0.011,2.801
1630249,NA,"Vit Krejci","Sophomore",-1.66,0.23,-1.5,-0.16,-1.74,-1.59,-0.15,11.258,0.527,5.548,0.316,0.503,3.38,0.682,2.691,0.743,0.229,0.147,8.238,4.035,0.126,0.709,0.007,1.465,0.014,2.368
1631211,NA,"Trevor Keels","Rookie",-1.66,0.7,-1.9,0.24,-1.66,-1.9,0.24,14.77,0.506,8.183,0.294,0.578,3.989,0.634,3.781,0.725,0.272,0.173,7.455,3.788,0.118,0.846,0.008,1.557,0.017,2.384
1630678,NA,"Terry Taylor","Sophomore",-1.67,-0.48,-0.85,-0.82,-1.69,-0.86,-0.83,13.917,0.584,3.936,0.306,0.227,6.024,0.711,3.048,0.673,0.262,0.162,9.265,2.349,0.068,0.847,0.009,1.107,0.011,2.13
203526,NA,"Raul Neto","Vet",-1.67,-0.99,-1.35,-0.32,-1.73,-1.34,-0.39,12.348,0.512,4.814,0.321,0.377,3.293,0.659,3.853,0.781,0.266,0.162,5.073,7.521,0.221,0.352,0.004,1.867,0.019,3.03
1630604,NA,"E.J. Liddell",NA,-1.67,0.31,-1.75,0.07,-1.68,-1.75,0.07,15.025,0.516,6.33,0.272,0.4,4.188,0.649,3.711,0.721,0.272,0.167,8.711,3.424,0.112,0.83,0.009,1.413,0.015,2.144
1630620,NA,"Darius Days","Rookie",-1.67,0.68,-1.64,-0.03,-1.67,-1.64,-0.03,15.331,0.496,9.499,0.316,0.565,3.762,0.668,3.941,0.708,0.258,0.169,10.378,2.944,0.088,1.216,0.013,1.353,0.014,2.318
202694,NA,"Marcus Morris Sr.","Vet",-1.68,-0.17,-1.37,-0.31,-1.87,-1.07,-0.8,15.595,0.458,7.301,0.362,0.453,0.997,0.628,2.714,0.797,0.161,0.162,6.762,2.637,0.081,0.566,0.006,1.019,0.01,1.256
203926,NA,"Doug McDermott","Vet",-1.68,-0.92,-0.59,-1.09,-0.31,0.43,-0.74,18.685,0.499,12.135,0.368,0.612,3.227,0.684,2.572,0.774,0.161,0.198,5.441,3.051,0.1,0.305,0.003,0.744,0.006,1.869
1629663,NA,"Louis King","Vet",-1.69,0.13,-1.2,-0.49,-1.68,-1.2,-0.48,15.555,0.544,10.313,0.318,0.576,2.943,0.678,3.641,0.689,0.244,0.185,7.566,3.391,0.12,0.853,0.008,1.421,0.015,2.043
1631132,NA,"Christian Koloko","Rookie",-1.69,0.91,-2.82,1.13,-2.12,-3.12,1,10.312,0.517,2.47,0.243,0.116,4.911,0.664,3.348,0.595,0.302,0.123,11.115,2.388,0.069,3.482,0.036,1.319,0.013,1.694
1629678,NA,"Admiral Schofield","Vet",-1.69,1.44,-0.95,-0.74,-1.85,-0.93,-0.92,14.108,0.512,8.52,0.344,0.579,2.764,0.678,3.079,0.81,0.221,0.166,6.945,3.277,0.102,0.686,0.007,0.981,0.01,2.229
1628418,"Denver Nuggets","Thomas Bryant","Vet",-1.69,-1.1,-1.37,-0.32,-0.46,-0.7,0.24,17.936,0.606,3.746,0.325,0.166,7.135,0.773,6.193,0.719,0.333,0.194,14.987,1.599,0.05,1.547,0.018,0.797,0.008,1.869
201937,NA,"Ricky Rubio","Vet",-1.7,-2.14,-2.36,0.66,-0.82,-1.8,0.98,14.71,0.464,6.251,0.332,0.407,2.023,0.558,3.622,0.793,0.221,0.168,6.638,9.049,0.262,0.468,0.005,2.373,0.024,3.375
1630556,NA,"Kessler Edwards","Sophomore",-1.71,0.95,-1.45,-0.26,-1.96,-1.64,-0.32,11.769,0.503,6.966,0.328,0.612,2.542,0.636,2.526,0.751,0.224,0.132,8.254,2.85,0.085,0.925,0.01,1.4,0.015,2.027
1630245,NA,"Ayo Dosunmu","Sophomore",-1.72,0.05,-1.48,-0.24,-1.34,-0.88,-0.46,13.256,0.553,5.119,0.33,0.359,4.552,0.683,2.415,0.758,0.18,0.147,5.246,4.386,0.13,0.614,0.007,1.436,0.015,2.335
1630551,NA,"Justin Champagnie","Sophomore",-1.72,-1.3,-1.36,-0.36,-1.64,-1.36,-0.28,14.443,0.481,9.116,0.324,0.535,3.343,0.654,3.506,0.753,0.206,0.158,9.317,3.112,0.086,0.805,0.009,1.377,0.015,2.106
1630564,NA,"RaiQuan Gray","Rookie",-1.74,0.41,-1.85,0.11,-1.73,-1.85,0.12,14.094,0.509,6.851,0.318,0.426,4.433,0.651,3.806,0.719,0.27,0.169,9.623,4.544,0.135,0.942,0.01,1.374,0.014,2.896
1631119,NA,"Jaylin Williams","Rookie",-1.74,0.84,-2.12,0.38,-1.55,-2.19,0.64,11.974,0.5,7.877,0.342,0.637,1.604,0.666,2.845,0.687,0.218,0.139,12.071,3.717,0.107,0.868,0.009,1.408,0.014,1.782
201959,NA,"Taj Gibson","Vet",-1.77,-1.4,-3,1.23,-0.95,-1.7,0.75,12.788,0.512,3.479,0.286,0.228,3.006,0.705,2.917,0.701,0.244,0.15,10.816,2.917,0.088,1.685,0.019,1.503,0.014,1.957
1628427,"Denver Nuggets","Vlatko Cancar","Vet",-1.79,-0.17,-1.21,-0.57,-1.19,-0.78,-0.41,13.875,0.536,6.785,0.333,0.521,3.282,0.686,3.3,0.804,0.26,0.152,8.368,3.831,0.116,0.746,0.009,1.262,0.012,2.168
1629629,NA,"Cam Reddish","Vet",-1.79,-0.64,-1.27,-0.52,-1.01,-0.83,-0.18,14.691,0.511,6.9,0.335,0.468,3.632,0.636,3.88,0.822,0.26,0.17,5.306,2.947,0.094,0.652,0.007,1.932,0.019,2.3
1628981,NA,"Bruno Fernando","Vet",-1.8,-0.04,-1.78,-0.02,-1.79,-1.83,0.04,15.569,0.548,3.176,0.259,0.171,6.679,0.675,5.467,0.668,0.374,0.192,15.388,2.824,0.088,3.329,0.038,0.997,0.01,2.914
1630537,NA,"Chris Duarte","Sophomore",-1.81,-0.34,-1.06,-0.75,-1.71,-1.17,-0.54,16.405,0.47,9.111,0.345,0.531,3.352,0.621,3.679,0.798,0.216,0.17,6.408,3.153,0.097,0.44,0.005,1.508,0.016,2.201
1630544,NA,"Tre Mann","Sophomore",-1.81,0.2,-1.34,-0.47,-1.89,-1.47,-0.42,17.863,0.48,8.783,0.317,0.482,2.703,0.604,2.767,0.772,0.161,0.202,6.495,5.207,0.156,0.513,0.005,1.598,0.016,2.943
1631254,NA,"Kenneth Lofton Jr.","Rookie",-1.81,0.46,-0.7,-1.11,-1.74,-0.67,-1.07,21.134,0.544,4.941,0.308,0.203,8.693,0.681,6.145,0.628,0.318,0.217,12.876,4.301,0.122,0.803,0.01,1.39,0.015,2.751
1630215,NA,"Jared Butler","Sophomore",-1.81,-0.31,-1.37,-0.44,-1.74,-1.37,-0.37,17.208,0.499,9.417,0.322,0.495,3.319,0.629,3.136,0.74,0.174,0.179,5.194,5.761,0.188,0.512,0.005,2.028,0.021,3.071
1631108,NA,"Max Christie","Rookie",-1.82,0.38,-1.62,-0.21,-1.71,-1.58,-0.13,13.115,0.499,5.492,0.324,0.486,2.367,0.638,3.385,0.721,0.207,0.149,7.037,2.747,0.081,0.775,0.009,1.143,0.012,1.915
1630554,NA,"Jason Preston","Sophomore",-1.83,-0.16,-1.16,-0.67,-1.86,-1.18,-0.68,14.8,0.541,6.654,0.276,0.463,3.253,0.637,2.833,0.701,0.204,0.171,7.433,6.838,0.188,0.55,0.006,1.455,0.015,2.908
1631220,NA,"Dereon Seabron","Rookie",-1.83,0.29,-1.91,0.08,-1.83,-1.91,0.08,14.383,0.506,5.761,0.27,0.348,4.229,0.645,3.676,0.728,0.26,0.158,7.53,3.584,0.107,0.83,0.008,1.419,0.016,2.279
1630237,NA,"Anthony Lamb","Vet",-1.83,0.15,-1.25,-0.58,-2.21,-1.35,-0.86,12.225,0.545,7.615,0.336,0.594,2.265,0.708,2.891,0.758,0.233,0.14,9.542,3.07,0.092,0.823,0.009,1.096,0.011,1.86
201152,NA,"Thaddeus Young","Vet",-1.84,-1.46,-2.7,0.87,-1.05,-1.76,0.71,12.759,0.549,3.119,0.302,0.207,4.266,0.681,2.102,0.575,0.168,0.155,10.957,4.219,0.122,0.699,0.008,2.711,0.03,2.666
1629669,NA,"Jaylen Nowell","Vet",-1.84,-0.87,-0.77,-1.08,-2.14,-0.96,-1.18,19.924,0.521,7.874,0.319,0.401,5.194,0.64,3.577,0.757,0.196,0.205,6.002,4.308,0.132,0.308,0.004,1.546,0.014,2.281
1631230,NA,"Dominick Barlow","Rookie",-1.9,1.02,-2.41,0.52,-1.78,-2.44,0.66,10.797,0.545,0.979,0.231,0.054,6.247,0.677,3.649,0.69,0.337,0.128,12.073,2.578,0.078,2.173,0.025,1.212,0.013,1.941
1631221,"Denver Nuggets","Collin Gillespie",NA,-1.9,0.39,-1.28,-0.62,-1.9,-1.28,-0.62,15.887,0.495,7.423,0.293,0.424,4.115,0.609,3.793,0.755,0.237,0.177,4.983,5.817,0.172,0.286,0.004,1.782,0.018,2.462
1627736,NA,"Malik Beasley","Vet",-1.91,-1.82,-0.97,-0.94,-2.02,-0.72,-1.3,20.252,0.457,14.877,0.346,0.736,0.846,0.656,2.06,0.768,0.112,0.183,6.182,2.515,0.071,0.286,0.004,1.301,0.013,1.803
1629641,NA,"Romeo Langford","Vet",-1.91,-0.53,-1.49,-0.42,-1.87,-1.42,-0.45,13.278,0.503,4.007,0.327,0.281,3.892,0.671,3.521,0.668,0.28,0.155,6.438,2.493,0.074,0.71,0.008,1.329,0.013,1.623
1629610,NA,"DaQuan Jeffries","Vet",-1.91,-0.44,-1.43,-0.48,-1.96,-1.45,-0.51,11.303,0.506,5.359,0.328,0.471,3.194,0.661,3.395,0.752,0.244,0.158,7.907,3.09,0.097,0.787,0.008,1.345,0.015,2.097
1627863,NA,"Danuel House Jr.","Vet",-1.92,-1.36,-1.01,-0.91,-2.09,-0.87,-1.22,15.922,0.521,8.118,0.326,0.492,4.098,0.679,4.097,0.709,0.271,0.179,6.908,2.629,0.081,0.616,0.007,1.091,0.011,1.894
1630570,NA,"Trendon Watford","Sophomore",-1.93,-0.92,-1.24,-0.69,-1.55,-1.02,-0.53,16.249,0.561,4.121,0.319,0.209,5.651,0.69,4.732,0.711,0.313,0.201,10.128,4.875,0.163,0.814,0.009,1.321,0.013,3.138
1627788,NA,"Furkan Korkmaz","Vet",-1.94,-0.96,-1.49,-0.45,-2.95,-2.14,-0.81,15.356,0.476,6.276,0.344,0.447,2.924,0.691,3.794,0.741,0.255,0.171,6.402,2.939,0.098,0.471,0.005,1.333,0.013,2.328
1631311,NA,"Lester Quinones","Rookie",-1.95,0.68,-1.66,-0.29,-1.95,-1.66,-0.29,13.76,0.491,8.205,0.307,0.578,2.933,0.628,3.791,0.691,0.245,0.17,6.268,4.457,0.14,0.496,0.005,1.69,0.018,2.898
203085,NA,"Austin Rivers","Vet",-1.95,-0.43,-1.27,-0.69,-0.63,-0.7,0.07,10.377,0.503,6.632,0.341,0.625,1.732,0.674,1.852,0.703,0.155,0.115,4.311,3.028,0.094,0.306,0.003,1.365,0.015,1.278
1629660,NA,"Ty Jerome","Vet",-1.97,-0.62,-1.22,-0.74,-2.26,-1.41,-0.85,14.455,0.493,5.981,0.333,0.394,2.066,0.671,2.506,0.813,0.174,0.155,5.12,7.287,0.211,0.384,0.004,1.469,0.015,2.119
1630173,NA,"Precious Achiuwa","Vet",-1.97,0.02,-1.33,-0.65,-2.18,-1.6,-0.58,17.732,0.543,5.653,0.309,0.317,6.831,0.687,5.25,0.622,0.319,0.197,13.724,2.234,0.068,1.289,0.014,1.241,0.013,2.562
1628221,NA,"Gabe York","Sophomore",-1.97,-0.73,-1.34,-0.64,-2,-1.35,-0.65,15.668,0.505,12.505,0.35,0.711,1.681,0.635,3.037,0.762,0.217,0.167,5.472,4.723,0.146,0.403,0.004,1.822,0.019,1.759
202083,NA,"Wesley Matthews","Vet",-1.98,-0.43,-2.16,0.18,-3.23,-2.56,-0.67,9.706,0.44,7.293,0.345,0.737,0.812,0.633,1.707,0.769,0.143,0.109,5.936,2.11,0.062,0.627,0.007,1.171,0.012,0.973
1631171,NA,"Justin Lewis",NA,-1.98,0.35,-2.1,0.12,-1.98,-2.1,0.12,14.238,0.489,6.41,0.284,0.413,4.417,0.652,3.678,0.696,0.278,0.159,9.316,3.125,0.096,1.029,0.011,1.368,0.014,2.529
1630205,NA,"Lamar Stevens","Vet",-1.99,0.16,-1.78,-0.21,-1.97,-1.73,-0.24,13.458,0.505,4.843,0.332,0.372,4.056,0.662,3.105,0.693,0.236,0.144,9.914,1.88,0.052,0.899,0.01,1.296,0.013,1.497
1628424,NA,"Kobi Simmons","Vet",-1.99,0.33,-1.79,-0.2,-1.98,-1.84,-0.14,13.23,0.486,6.9,0.287,0.607,2.55,0.669,3.038,0.826,0.22,0.151,5.937,5.617,0.177,0.847,0.01,1.371,0.013,2.729
1630572,NA,"Sandro Mamukelashvili","Sophomore",-1.99,-1.16,-1,-1,-1.86,-0.87,-0.99,17.567,0.52,7.536,0.32,0.407,5.974,0.655,4.511,0.722,0.26,0.207,12.934,4.066,0.135,0.943,0.01,1.145,0.011,2.904
203210,NA,"JaMychal Green","Vet",-2.01,-0.51,-1.56,-0.45,0.93,0.49,0.44,16.187,0.563,9.392,0.342,0.581,4.396,0.684,3.515,0.768,0.248,0.181,11.4,3.072,0.095,1.235,0.014,1.469,0.013,2.404
1629875,NA,"Xavier Moon","Sophomore",-2.01,0.16,-1.59,-0.42,-2.02,-1.6,-0.42,17.109,0.482,7.306,0.313,0.374,2.218,0.607,2.788,0.724,0.175,0.175,5.709,7.118,0.22,0.546,0.006,1.752,0.019,2.413
1631222,NA,"Jake LaRavia","Rookie",-2.04,-0.13,-1.67,-0.37,-1.84,-1.59,-0.25,12.516,0.487,8.606,0.316,0.725,2.39,0.651,3.023,0.733,0.257,0.143,7.758,2.628,0.084,0.704,0.008,1.311,0.014,2.287
1631217,NA,"Moussa Diabate","Rookie",-2.04,0.98,-2.12,0.07,-2.05,-2.17,0.12,13.222,0.503,2.103,0.226,0.133,5.938,0.671,4.014,0.634,0.298,0.155,11.364,2.411,0.071,2.167,0.025,1.463,0.015,2.648
1631157,NA,"Ryan Rollins","Rookie",-2.07,0.54,-1.88,-0.19,-2.06,-1.88,-0.18,14.391,0.493,7.152,0.31,0.44,4.51,0.628,4.066,0.768,0.284,0.179,7.454,4.453,0.131,0.765,0.008,1.484,0.016,3.239
1630197,NA,"Aleksej Pokusevski","Vet",-2.09,-0.69,-2.05,-0.04,-2.19,-2.32,0.13,15.201,0.489,7.378,0.311,0.453,4.69,0.672,2.789,0.68,0.189,0.173,11.131,4.342,0.13,2.189,0.025,1.47,0.013,2.941
1630528,NA,"Josh Christopher","Sophomore",-2.11,-0.63,-1.07,-1.04,-1.69,-0.97,-0.72,18.951,0.532,5.469,0.309,0.272,4.604,0.675,3.768,0.738,0.212,0.208,5.012,4.665,0.147,0.759,0.008,2.094,0.021,3.299
1631495,NA,"Donovan Williams","Rookie",-2.11,-0.09,-2.07,-0.04,-2.11,-2.07,-0.04,15.761,0.494,7.811,0.303,0.438,4.839,0.65,4.024,0.695,0.266,0.161,7.743,3.416,0.105,0.832,0.009,1.418,0.016,2.522
1630270,NA,"Xavier Sneed","Sophomore",-2.11,0.21,-1.81,-0.3,-2.09,-1.81,-0.28,12.421,0.476,7.605,0.318,0.55,2.794,0.648,3.254,0.764,0.249,0.15,6.924,3.71,0.122,0.767,0.007,1.348,0.013,2.415
1631216,NA,"Caleb Houstan","Rookie",-2.11,-0.06,-1.34,-0.77,-2.24,-1.39,-0.85,12.803,0.478,9.624,0.326,0.769,1.7,0.637,1.932,0.749,0.199,0.127,5.84,2.285,0.067,0.636,0.007,1.03,0.01,1.585
1629022,NA,"Lonnie Walker IV","Vet",-2.12,-0.21,-0.62,-1.5,-0.88,0.07,-0.95,17.092,0.505,10.045,0.36,0.573,2.725,0.671,3.293,0.794,0.193,0.191,4.45,2.761,0.079,0.548,0.006,1.214,0.012,1.562
1631093,NA,"Jaden Ivey","Rookie",-2.12,-0.57,-0.58,-1.55,-1.44,-0.06,-1.38,22.629,0.459,9.009,0.327,0.39,4.39,0.601,7.179,0.734,0.354,0.263,5.75,8.429,0.292,0.351,0.004,1.235,0.013,5.164
1630264,NA,"Anthony Gill","Vet",-2.13,-0.5,-1.69,-0.44,-2.84,-1.97,-0.87,12.051,0.543,3.206,0.308,0.207,3.81,0.69,5.319,0.701,0.392,0.148,8.601,2.835,0.086,0.9,0.01,0.853,0.009,2.015
1631466,NA,"Jeenathan Williams","Rookie",-2.13,0.06,-1.74,-0.4,-2.11,-1.74,-0.37,13.692,0.56,4.552,0.322,0.298,5.658,0.665,3.103,0.752,0.246,0.157,6.781,3.45,0.105,0.779,0.007,1.393,0.014,2.151
1628995,NA,"Kevin Knox II","Vet",-2.14,-0.08,-1.34,-0.8,-2.24,-1.21,-1.03,18.074,0.518,9.407,0.355,0.488,4.668,0.661,4.053,0.764,0.213,0.202,8.943,2.323,0.076,0.486,0.006,1.189,0.012,2.588
1630695,NA,"Micah Potter","Sophomore",-2.15,1.37,-1.67,-0.48,-2.14,-1.66,-0.48,13.943,0.511,7.16,0.279,0.484,3.086,0.679,2.907,0.662,0.236,0.164,12.641,2.758,0.082,1.237,0.015,1.255,0.012,2.003
1631116,NA,"Patrick Baldwin Jr.","Rookie",-2.15,0.5,-1.78,-0.38,-2.12,-1.79,-0.33,17.327,0.501,14.532,0.32,0.746,2.435,0.674,2.802,0.688,0.217,0.173,9.631,2.858,0.086,1.051,0.012,1.296,0.013,2.446
1631246,NA,"Vince Williams Jr.","Rookie",-2.16,0.42,-2.06,-0.1,-2.15,-2.07,-0.08,16.33,0.508,11.671,0.316,0.602,3.851,0.647,3.385,0.771,0.229,0.188,6.622,2.784,0.086,0.731,0.007,1.808,0.018,2.164
1629033,NA,"Theo Pinson","Vet",-2.16,-0.7,-1.6,-0.56,-1.74,-1.39,-0.35,13.67,0.463,10.077,0.33,0.692,1.885,0.61,2.48,0.827,0.2,0.146,8.686,6.712,0.224,0.425,0.004,1.269,0.013,2.571
1631260,NA,"A.J. Green","Rookie",-2.16,0.42,-1.02,-1.14,-2.12,-0.98,-1.14,15.582,0.49,13.031,0.352,0.81,1.495,0.622,2.154,0.755,0.198,0.161,6.216,3.207,0.095,0.28,0.003,1.227,0.013,1.897
1630637,NA,"Carlik Jones","Sophomore",-2.16,1.44,-1.64,-0.52,-2.18,-1.65,-0.53,15.405,0.457,7.34,0.316,0.49,2.974,0.601,3.827,0.735,0.249,0.17,5.132,6.276,0.204,0.297,0.003,1.841,0.019,2.45
1631172,NA,"Ousmane Dieng","Rookie",-2.18,-0.21,-1.41,-0.76,-2.36,-1.45,-0.91,16.541,0.521,8.433,0.308,0.497,4.226,0.696,3.191,0.679,0.198,0.186,9.318,3.332,0.104,0.652,0.007,1.266,0.013,2.6
203473,NA,"Dewayne Dedmon","Vet",-2.18,-1.18,-2.7,0.52,-1.18,-1.82,0.64,14.559,0.528,3.884,0.291,0.243,4.634,0.691,4.245,0.657,0.287,0.179,15.863,3.45,0.112,2.086,0.024,1.45,0.013,3.086
1631309,NA,"Trevor Hudgins","Rookie",-2.19,0.26,-1.32,-0.87,-2.19,-1.32,-0.87,15.921,0.476,10.138,0.305,0.578,3.001,0.596,3.932,0.784,0.233,0.172,4.769,6.161,0.185,0.332,0.004,1.709,0.018,2.521
1630165,NA,"Killian Hayes","Vet",-2.2,0.02,-1.58,-0.62,-1.54,-1.41,-0.13,17.922,0.46,6.367,0.322,0.355,2.073,0.647,4.052,0.792,0.204,0.207,5.398,9.265,0.306,0.654,0.007,2.26,0.022,3.9
1630641,NA,"Ibou Badji",NA,-2.2,0.8,-2.08,-0.13,-2.21,-2.08,-0.13,13.393,0.545,4.799,0.252,0.298,4.879,0.692,3.965,0.578,0.307,0.167,12.892,2.186,0.059,2.21,0.03,1.074,0.01,2.715
1631245,NA,"Quenton Jackson","Rookie",-2.2,-0.03,-1.51,-0.7,-2.21,-1.51,-0.7,14.597,0.503,4.132,0.312,0.277,4.965,0.633,5.425,0.743,0.369,0.169,5.438,4.372,0.155,0.431,0.005,1.437,0.015,2.891
1631103,NA,"Malaki Branham","Rookie",-2.2,0.07,-0.96,-1.25,-2.05,-0.98,-1.07,19.946,0.512,8.622,0.333,0.414,3.337,0.65,3.085,0.817,0.149,0.205,6.05,3.256,0.098,0.28,0.003,1.092,0.011,2.249
1628408,NA,"PJ Dozier","Vet",-2.23,-0.16,-1.77,-0.46,-2.17,-1.89,-0.28,17.978,0.483,10.414,0.321,0.521,3.288,0.666,3.172,0.667,0.194,0.179,8.328,4.591,0.145,0.834,0.009,1.549,0.016,3.028
1629642,NA,"Nassir Little","Vet",-2.23,-1.96,-1.22,-1.01,-2.79,-1.58,-1.21,16.347,0.499,8.744,0.336,0.504,3.311,0.684,3.074,0.732,0.188,0.172,7.76,2.515,0.077,1.078,0.012,1.003,0.01,1.886
1630696,NA,"Dru Smith","Rookie",-2.23,0.22,-2.26,0.03,-2.21,-2.28,0.07,13.819,0.475,6.224,0.321,0.436,3.487,0.626,2.662,0.76,0.219,0.154,6.587,6.543,0.207,0.809,0.008,2.023,0.021,2.279
1630346,NA,"Matt Ryan","Sophomore",-2.25,-0.27,-1.3,-0.96,-2.37,-1.36,-1.01,15.013,0.476,10.893,0.338,0.719,1.982,0.661,3.099,0.743,0.251,0.158,5.815,2.927,0.091,0.553,0.005,1.249,0.012,1.997
1631213,NA,"Tyrese Martin","Rookie",-2.26,-0.3,-1.68,-0.58,-2.27,-1.69,-0.58,14.945,0.516,5.867,0.302,0.376,4.299,0.646,3.724,0.725,0.252,0.174,8.651,3.249,0.094,0.725,0.007,1.337,0.014,2.539
1630533,NA,"Ziaire Williams","Sophomore",-2.26,-1.89,-1.3,-0.96,-2.04,-1.08,-0.96,18.327,0.536,9.459,0.338,0.477,4.266,0.73,3.429,0.767,0.199,0.207,6.259,3.402,0.121,0.563,0.006,1.403,0.013,2.832
1630613,NA,"Duane Washington Jr.","Sophomore",-2.26,0.08,-1.04,-1.22,-2.26,-1.17,-1.09,22.547,0.469,10.617,0.332,0.454,3.911,0.597,3.405,0.713,0.176,0.225,4.882,6.065,0.198,0.455,0.005,1.289,0.012,2.878
1629674,NA,"Neemias Queta","Sophomore",-2.27,-0.44,-2.37,0.09,-2.27,-2.39,0.12,13.817,0.533,3.772,0.212,0.216,5.259,0.683,4.317,0.607,0.311,0.163,13.155,2.46,0.074,2.748,0.035,0.997,0.009,2.352
203082,NA,"Terrence Ross","Vet",-2.27,1.24,-1.2,-1.07,-2.09,-1.37,-0.72,17.721,0.473,11.735,0.349,0.666,0.294,0.688,1.823,0.82,0.134,0.167,6.161,3.372,0.096,0.483,0.005,1.219,0.013,1.41
1630527,NA,"Brandon Boston Jr.","Sophomore",-2.29,-0.37,-1.49,-0.8,-2.45,-1.56,-0.89,19.998,0.484,5.441,0.306,0.263,5.493,0.656,6.025,0.763,0.304,0.211,6.72,3.679,0.107,0.572,0.006,1.555,0.016,2.363
1630227,NA,"Daishen Nix","Sophomore",-2.3,-0.54,-1.98,-0.31,-2.53,-2.06,-0.47,13.034,0.483,7.524,0.303,0.539,2.927,0.604,2.64,0.636,0.199,0.151,5.72,5.356,0.155,0.436,0.005,1.573,0.016,3.585
203115,NA,"Will Barton","Vet",-2.3,-2.07,-1.73,-0.57,-2.57,-1.84,-0.73,17.69,0.448,10.533,0.346,0.56,1.843,0.645,2.447,0.768,0.142,0.178,6.652,4.652,0.143,0.59,0.006,1.338,0.013,2.022
1629623,NA,"Lindell Wigginton","Sophomore",-2.3,0.16,-1.38,-0.93,-2.28,-1.38,-0.9,16.341,0.471,8.642,0.329,0.509,3.491,0.632,5.219,0.714,0.318,0.202,4.962,6.187,0.21,0.443,0.005,1.44,0.014,3.451
1630561,NA,"David Duke Jr.","Sophomore",-2.32,-0.67,-2.05,-0.27,-2.43,-2.16,-0.27,15.103,0.5,4.305,0.309,0.264,6.497,0.625,3.615,0.736,0.251,0.173,7.417,3.73,0.111,0.49,0.005,1.821,0.019,2.614
1631095,NA,"Jabari Smith Jr.","Rookie",-2.32,0.11,-1.28,-1.04,-1.91,-1.32,-0.59,16.526,0.492,6.492,0.319,0.365,3.287,0.698,4.659,0.765,0.274,0.184,11.174,2.242,0.066,1.421,0.015,0.955,0.01,2.021
1631306,NA,"Cole Swider","Rookie",-2.33,0.5,-1.83,-0.5,-2.33,-1.83,-0.5,13.122,0.512,6.855,0.293,0.477,3.599,0.676,3.77,0.689,0.288,0.152,10.513,2.961,0.085,1.15,0.012,1.243,0.012,2.358
201949,NA,"James Johnson","Vet",-2.33,-0.12,-3.3,0.97,-2.59,-2.97,0.38,13.64,0.517,4.068,0.292,0.261,4.827,0.652,2.619,0.552,0.179,0.159,9.055,4.924,0.158,1.526,0.017,1.53,0.016,2.748
1630534,NA,"Ochai Agbaji","Rookie",-2.33,-0.21,-1.15,-1.18,-2.72,-1.3,-1.42,17.507,0.487,9.729,0.347,0.529,2.883,0.631,3.361,0.79,0.202,0.195,4.761,3.33,0.11,0.58,0.007,0.909,0.009,2.284
1631102,NA,"TyTy Washington Jr.","Rookie",-2.34,0.03,-2.01,-0.33,-2.47,-2.11,-0.36,15.477,0.468,8.965,0.316,0.559,1.873,0.62,2.778,0.682,0.184,0.164,5.299,4.776,0.132,0.451,0.004,1.647,0.018,1.812
1630639,NA,"AJ Lawson","Rookie",-2.37,-0.42,-1.67,-0.69,-2.34,-1.67,-0.67,15.36,0.513,8.909,0.317,0.518,5.332,0.653,4.017,0.628,0.302,0.172,8.376,2.479,0.079,0.558,0.006,1.382,0.014,2.246
1629614,NA,"Andrew Nembhard","Rookie",-2.37,-0.13,-1.24,-1.13,-2.6,-1.46,-1.14,16.6,0.494,5.431,0.336,0.321,3.568,0.656,3.004,0.775,0.178,0.189,4.598,8.203,0.256,0.271,0.003,1.564,0.015,3.626
1630593,NA,"McKinley Wright IV","Sophomore",-2.43,0.99,-1.54,-0.89,-2.31,-1.47,-0.84,15.197,0.488,5.612,0.315,0.337,3.401,0.622,3.687,0.743,0.228,0.17,5.985,7.469,0.228,0.552,0.006,1.403,0.014,2.852
1630600,NA,"Isaiah Mobley","Rookie",-2.43,-0.43,-2.25,-0.18,-2.45,-2.27,-0.18,14.278,0.497,5.829,0.299,0.314,4.408,0.652,3.559,0.746,0.261,0.154,10.266,2.856,0.085,1.495,0.017,1.524,0.016,2.253
1630288,NA,"Jeff Dowtin","Sophomore",-2.44,0.52,-2.16,-0.28,-2.45,-2.2,-0.25,11.691,0.483,3.99,0.298,0.38,2.191,0.636,2.264,0.7,0.216,0.128,5.271,5.332,0.148,0.666,0.006,1.744,0.018,1.725
1629662,NA,"Mfiondu Kabengele","Vet",-2.45,-1.11,-2.13,-0.32,-2.53,-2.19,-0.34,12.559,0.499,6.867,0.321,0.478,3.921,0.67,3.918,0.764,0.268,0.158,11.225,2.326,0.073,1.524,0.016,1.335,0.015,2.091
1630250,NA,"Marko Simonovic","Sophomore",-2.5,-0.37,-1.92,-0.58,-2.52,-1.93,-0.59,14.845,0.505,6.84,0.266,0.412,3.817,0.683,4.101,0.672,0.284,0.17,10.547,2.327,0.061,1.503,0.017,1.147,0.012,2.171
203648,NA,"Thanasis Antetokounmpo","Vet",-2.5,-0.9,-2.43,-0.08,-1.88,-2.24,0.36,11.954,0.526,2.802,0.209,0.162,6.181,0.652,4.502,0.54,0.328,0.152,10.115,3.193,0.098,0.884,0.009,1.373,0.014,2.926
1630577,NA,"Julian Champagnie","Rookie",-2.5,-0.13,-1.31,-1.2,-2.49,-1.28,-1.21,17.853,0.504,12.253,0.346,0.634,3.424,0.651,2.988,0.78,0.21,0.181,8.834,2.157,0.066,0.727,0.009,1.19,0.012,1.831
1631367,NA,"Jacob Gilyard","Rookie",-2.52,-0.95,-2.05,-0.47,-2.52,-2.06,-0.46,11.504,0.458,7.435,0.346,0.673,1.255,0.572,2.216,0.796,0.168,0.132,3.774,7.359,0.294,0.099,0,2.304,0.024,2.683
1630580,NA,"Joe Wieskamp","Sophomore",-2.52,-0.31,-1.82,-0.7,-2.59,-1.85,-0.74,13.641,0.477,8.956,0.32,0.685,3.343,0.646,3.45,0.657,0.251,0.154,6.047,3.05,0.092,0.703,0.007,1.29,0.013,2.13
1630699,NA,"MarJon Beauchamp","Rookie",-2.53,-0.41,-1.78,-0.75,-2.48,-1.77,-0.71,16.082,0.487,9.254,0.32,0.58,3.13,0.645,3.048,0.715,0.18,0.178,7.903,2.92,0.092,0.675,0.007,1.392,0.015,2.886
203521,NA,"Matthew Dellavedova","Vet",-2.58,-1.53,-2.03,-0.55,-1.44,-1.12,-0.32,11.917,0.447,6.696,0.31,0.559,1.108,0.562,1.885,0.737,0.165,0.125,4.474,7.96,0.213,0.244,0.002,1.051,0.011,2.246
1630553,NA,"Keon Johnson","Sophomore",-2.59,0.37,-1.89,-0.7,-2.33,-1.92,-0.41,18.278,0.447,8.616,0.327,0.436,4.587,0.614,4.349,0.726,0.263,0.208,5.413,7.3,0.225,0.743,0.008,1.899,0.019,4.096
1641645,NA,"Xavier Cooks","Rookie",-2.59,-1.04,-2.24,-0.35,-2.61,-2.26,-0.35,12.335,0.537,1.837,0.201,0.137,4.999,0.665,4.283,0.657,0.326,0.149,11.395,2.222,0.077,1.082,0.012,1.533,0.016,2.386
1629599,NA,"Amir Coffey","Vet",-2.6,-1.34,-2.05,-0.54,-2.82,-2.18,-0.64,12.862,0.496,4.407,0.331,0.351,2.655,0.663,4.038,0.759,0.313,0.156,5.295,3.584,0.115,0.548,0.006,0.997,0.01,1.821
1631098,NA,"Johnny Davis","Rookie",-2.61,-0.63,-2.32,-0.29,-2.58,-2.37,-0.21,19.003,0.474,8.901,0.316,0.448,3.267,0.65,3.32,0.638,0.187,0.193,6.518,3.707,0.119,0.686,0.008,1.369,0.014,2.472
201580,NA,"JaVale McGee","Vet",-2.62,-1.81,-2.92,0.3,-0.91,-1.96,1.05,15.405,0.611,2.157,0.251,0.109,7.714,0.719,4.703,0.624,0.309,0.199,16.318,1.97,0.066,3.575,0.036,0.99,0.01,3.414
203200,NA,"Justin Holiday","Vet",-2.62,-2.16,-2.74,0.12,-1.84,-1.99,0.15,13.203,0.463,9.174,0.355,0.682,1.656,0.621,1.861,0.729,0.142,0.14,4.697,2.578,0.083,1.007,0.011,1.451,0.015,1.569
1631110,NA,"Jeremy Sochan","Rookie",-2.63,-0.58,-1.57,-1.05,-2.97,-1.82,-1.15,20.473,0.494,5.979,0.298,0.292,6.737,0.668,4.753,0.69,0.258,0.217,10.18,4.49,0.136,0.714,0.008,1.425,0.014,3.354
1628470,NA,"Torrey Craig","Vet",-2.63,0.13,-2,-0.63,-2.03,-1.33,-0.7,12.416,0.515,7.133,0.339,0.552,2.31,0.691,1.579,0.708,0.122,0.132,9.712,2.403,0.073,1.47,0.017,1.285,0.013,1.673
1631097,NA,"Bennedict Mathurin","Rookie",-2.63,-0.83,-1.02,-1.62,-3.09,-1.36,-1.73,18.1,0.506,5.202,0.323,0.281,5.933,0.637,8.355,0.804,0.472,0.214,6.82,2.926,0.095,0.478,0.005,1.117,0.012,3.119
202704,"Denver Nuggets","Reggie Jackson","Vet",-2.64,-2.32,-1.65,-0.99,-2.78,-1.61,-1.17,19.073,0.427,10.323,0.359,0.557,1.951,0.609,2.625,0.785,0.129,0.198,5.05,7.09,0.187,0.315,0.003,1.351,0.013,3.319
201609,NA,"Goran Dragic","Vet",-2.64,-0.78,-1.55,-1.09,-2.88,-1.82,-1.06,16.632,0.448,8.514,0.326,0.485,2.46,0.603,2.835,0.748,0.144,0.184,5.308,7.171,0.195,0.29,0.003,1.35,0.012,3.043
1630176,NA,"Vernon Carey Jr.","Vet",-2.64,-0.13,-2.46,-0.19,-2.64,-2.48,-0.16,14.433,0.529,4.035,0.238,0.227,4.726,0.682,4.126,0.684,0.318,0.163,13.053,2.806,0.082,2.119,0.026,1.446,0.015,2.356
1631205,NA,"Buddy Boeheim","Rookie",-2.65,-0.71,-2.23,-0.42,-2.66,-2.24,-0.42,13.845,0.501,10.833,0.314,0.74,1.697,0.645,2.579,0.732,0.238,0.146,6.33,2.963,0.086,0.564,0.006,1.34,0.014,1.649
1631219,NA,"John Butler Jr.","Rookie",-2.65,0.61,-2.1,-0.55,-2.65,-2.11,-0.54,11.538,0.498,7.646,0.288,0.627,2.076,0.685,2.384,0.644,0.223,0.13,6.914,2.112,0.059,1.831,0.022,1.21,0.012,1.286
1631104,NA,"Blake Wesley","Rookie",-2.68,-0.41,-2.41,-0.27,-2.65,-2.43,-0.22,14.44,0.464,4.235,0.292,0.258,3.959,0.601,3.137,0.625,0.221,0.167,6.018,7.138,0.233,0.467,0.005,1.737,0.017,4.21
1630181,NA,"R.J. Hampton","Vet",-2.68,0.68,-1.7,-0.98,-2.61,-1.82,-0.79,15.741,0.484,8.491,0.327,0.524,2.232,0.624,4.163,0.68,0.262,0.17,6.123,2.92,0.098,0.557,0.006,1.42,0.015,2.204
1630201,NA,"Malachi Flynn","Vet",-2.69,-0.89,-2.01,-0.68,-2.86,-2.28,-0.58,16.126,0.474,9.19,0.314,0.54,2.52,0.613,3.146,0.726,0.201,0.171,5.684,4.806,0.159,0.371,0.004,1.634,0.017,2.041
1629308,NA,"Juan Toscano-Anderson","Vet",-2.7,-1.58,-2.65,-0.06,-2.7,-2.59,-0.11,10.864,0.511,3.88,0.32,0.33,2.719,0.686,2.186,0.671,0.209,0.127,8.341,4.775,0.144,0.705,0.008,1.525,0.015,2.947
1630550,NA,"JT Thor","Sophomore",-2.72,-0.94,-2.15,-0.56,-2.96,-2.15,-0.81,13.218,0.496,7.246,0.324,0.538,2.001,0.647,2.61,0.696,0.182,0.153,7.667,2.275,0.066,1.056,0.013,1.167,0.012,2.034
1630846,NA,"Olivier Sarr","Sophomore",-2.74,-0.12,-2.62,-0.12,-2.83,-2.71,-0.12,13.167,0.568,4.121,0.306,0.257,5.17,0.679,4.186,0.708,0.331,0.154,12.558,2.237,0.064,1.899,0.022,0.859,0.009,2.32
1630547,NA,"James Bouknight","Sophomore",-2.75,-0.1,-1.89,-0.85,-3.04,-2.06,-0.98,17.828,0.464,12.009,0.32,0.617,2.662,0.615,3.208,0.75,0.166,0.19,6.432,3.508,0.114,0.427,0.005,1.278,0.013,2.394
201571,NA,"D.J. Augustin","Vet",-2.75,0.13,-1.4,-1.35,-1.24,-0.73,-0.51,11.438,0.456,10.267,0.366,0.808,0.81,0.58,2.943,0.822,0.234,0.14,4.041,6.503,0.18,0.205,0.002,1.113,0.011,2.226
1629670,NA,"Jordan Nwora","Vet",-2.76,0.07,-1.18,-1.58,-2.09,-0.68,-1.41,18.361,0.488,9.194,0.361,0.491,3.993,0.636,3.374,0.778,0.199,0.196,9.03,3.443,0.107,0.616,0.007,1.032,0.01,2.427
1629647,NA,"Darius Bazley","Vet",-2.78,-0.36,-2.51,-0.27,-2.02,-2.17,0.15,15.445,0.493,5.361,0.322,0.335,5.68,0.627,5.515,0.605,0.33,0.178,10.509,3.089,0.098,1.998,0.022,1.368,0.014,2.539
1631197,NA,"Jared Rhoden","Rookie",-2.78,-0.66,-2.23,-0.55,-2.85,-2.28,-0.57,12.006,0.481,5.545,0.321,0.467,2.508,0.649,2.484,0.762,0.199,0.129,8.33,2.144,0.062,0.511,0.005,1.334,0.013,1.502
1630235,NA,"Trent Forrest","Vet",-2.78,-1.49,-2.28,-0.5,-2.74,-2.35,-0.39,11.97,0.485,1.922,0.27,0.122,3.229,0.611,2.457,0.754,0.217,0.143,6.949,6.432,0.195,0.547,0.006,1.612,0.016,2.757
1631223,NA,"David Roddy","Rookie",-2.8,-0.61,-1.83,-0.97,-2.6,-1.74,-0.86,16.166,0.51,9.441,0.327,0.551,4.076,0.664,2.638,0.669,0.169,0.171,8.394,2.756,0.082,0.786,0.009,1.196,0.012,2.159
202693,NA,"Markieff Morris","Vet",-2.87,-0.62,-2.5,-0.37,-3.45,-2.48,-0.97,17.039,0.468,10.627,0.338,0.611,0.862,0.641,1.967,0.775,0.137,0.182,8.978,3.396,0.108,0.654,0.007,1.039,0.01,2.079
1631121,NA,"Bryce McGowens","Rookie",-2.94,-0.89,-2.1,-0.84,-3.11,-2.09,-1.02,14.07,0.482,6.154,0.32,0.423,4.036,0.624,5.252,0.74,0.36,0.18,6.026,3.619,0.112,0.44,0.004,1.151,0.012,3.152
1631323,NA,"Simone Fontecchio","Rookie",-2.96,-1.53,-1.63,-1.33,-2.77,-1.55,-1.22,18.865,0.465,11.469,0.334,0.57,2.425,0.623,3.298,0.784,0.202,0.194,6.269,2.688,0.084,0.47,0.005,1.116,0.011,2.238
1628962,NA,"Udoka Azubuike","Vet",-2.98,-0.74,-2.51,-0.47,-3,-2.54,-0.46,10.347,0.665,0.873,0.174,0.045,5.535,0.771,3.059,0.541,0.28,0.129,14.808,1.687,0.047,2.068,0.022,0.895,0.009,2.108
201599,"Denver Nuggets","DeAndre Jordan","Vet",-3.05,-0.91,-3.32,0.27,-0.72,-2.56,1.84,11.755,0.677,0.544,0.148,0.028,7.222,0.764,4.781,0.462,0.329,0.162,17.649,2.638,0.081,2.09,0.022,0.909,0.009,3.118
1629603,NA,"Mamadi Diakite","Vet",-3.07,1.2,-2.54,-0.54,-3.13,-2.57,-0.56,14.177,0.522,5.074,0.313,0.334,3.947,0.666,2.706,0.727,0.207,0.162,11.505,2.84,0.079,2.092,0.024,1.449,0.014,2.584
1630225,NA,"Isaiah Todd","Sophomore",-3.12,-0.22,-2.48,-0.63,-3.16,-2.51,-0.65,12.811,0.462,6.89,0.309,0.47,2.508,0.663,3.077,0.719,0.222,0.153,10.388,2.847,0.084,0.762,0.009,1.285,0.014,2.108
201577,NA,"Robin Lopez","Vet",-3.17,-2.4,-3.54,0.38,-2.01,-2.3,0.29,14.562,0.561,2.659,0.242,0.115,3.553,0.706,3.352,0.656,0.235,0.17,8.864,3.314,0.108,1.662,0.018,0.752,0.005,3.186
202397,"Denver Nuggets","Ish Smith","Vet",-3.2,-1.48,-2.69,-0.51,-1.81,-1.37,-0.44,17.614,0.415,2.514,0.283,0.159,2.06,0.583,1.384,0.546,0.092,0.181,6.884,10.861,0.308,0.711,0.008,1.559,0.016,3.969
1630548,NA,"Johnny Juzang","Rookie",-3.31,-1.29,-2.01,-1.3,-3.33,-2.01,-1.32,17.393,0.457,10.445,0.313,0.532,2.252,0.659,2.532,0.691,0.138,0.181,7.434,2.36,0.074,0.592,0.007,1.21,0.013,1.52
1631133,NA,"Jabari Walker","Rookie",-3.31,-0.99,-2.43,-0.89,-3.37,-2.52,-0.85,16.198,0.489,5.937,0.312,0.327,5.849,0.637,4.107,0.735,0.237,0.187,9.48,2.624,0.081,1.016,0.011,1.074,0.011,2.376
202066,NA,"Garrett Temple","Vet",-3.57,0.34,-3.4,-0.16,-1.15,-2.28,1.13,11.556,0.423,7.759,0.316,0.608,2.06,0.604,1.539,0.692,0.136,0.133,5.808,3.309,0.099,0.805,0.009,1.527,0.016,1.717
1630164,NA,"James Wiseman","Vet",-3.8,-2.13,-2.69,-1.1,-3.97,-3.06,-0.91,19.104,0.548,1.922,0.286,0.086,7.375,0.747,5.447,0.698,0.286,0.22,15.276,1.883,0.057,1.49,0.018,0.618,0.007,3.03
201145,"Denver Nuggets","Jeff Green","Vet",-4.14,-2.75,-2.92,-1.22,-2.29,-2.37,0.08,11.08,0.574,4.426,0.319,0.42,3.607,0.708,3.971,0.763,0.319,0.127,6.522,2.588,0.067,0.855,0.01,0.829,0.009,1.491
2617,"Miami Heat","Udonis Haslem","Vet",-4.94,-0.1,-4.38,-0.56,-3.58,-3.13,-0.45,18.281,0.427,8.15,0.253,0.335,1.435,0.568,4.887,0.596,0.085,0.159,10.433,1.408,0.042,0.871,0.011,1.041,0.01,1.319
