player,team,salary_22_23,salary_23_24,guaranteed,player_id,salary_22_23_log,salary_23_24_log,raptor_total,nba_id,DPM,raptor_zscore,darko_zscore,raptor_zscore_standardized,darko_zscore_standardized,raptor_plus_darko,salary_22_23_log_zscores,salary_22_23_log_zscores_transformed,raptor_plus_darko_transformed,DARYL_SCORE,statmuse_player_names
Desmond Bane,MEM,2130240.0,3845083.0,5975323.0,banede01,14.571745207394477,15.16230574716484,3.283197327,1630217,1.94,1.4209091368541873,1.7871920918669322,1.4250577854984414,1.7924101820717429,3.217467967570184,-1.4179629491801178,6.425770344458621,8.717467967570183,56.01644714478045,desmond-bane
Austin Reaves,LAL,1563518.0,,1563518.0,reaveau01,14.262448968445678,,4.604783498,1630559,0.1,1.9744329337798434,0.26840754463660355,1.9801977137375761,0.269191217967489,2.2493889317050653,-1.794002000633832,7.1327237611916035,7.749388931705065,55.27425056788793,austin-reaves
Herbert Jones,NOP,1785000.0,1836096.0,1785000.0,joneshe01,14.394928973195876,14.423152136377324,2.711996472,1630529,1.0,1.1816714140293916,1.0112912905644817,1.1851215568869569,1.0142439721489176,2.1993655290358745,-1.6329342311318082,6.8299163545278,7.699365529035875,52.58602254624971,herbert-jones
Josh Okogie,PHO,1836090.0,,1836090.0,okogijo01,14.423148868568994,,2.758562929,1629006,0.73,1.2011749792554953,0.7884261667861183,1.204682066950232,0.790728145894489,1.995410212844721,-1.5986247848731132,6.765414595561452,7.495410212844721,50.709557653700045,josh-okogie
Immanuel Quickley,NYK,2316240.0,4171548.0,6487788.0,quickim01,14.655455739249128,15.24379774791035,3.349172796,1630193,1.18,1.4485418352783832,1.1598680397500574,1.4527711635057867,1.1632545229852034,2.61602568649099,-1.3161885819834964,6.234434534128973,8.116025686490989,50.59883081973723,immanuel-quickley
Isaiah Joe,OKC,1836090.0,1997238.0,1836090.0,joeis01,14.423148868568994,14.507275784064879,2.995494709,1630198,0.44,1.3004098088532652,0.5490525153204686,1.3042066338933362,0.550655591769362,1.854862225662698,-1.5986247848731132,6.765414595561452,7.354862225662698,49.75869224984201,isaiah-joe
Walker Kessler,UTA,2696400.0,2831160.0,5527560.0,kesslwa01,14.807428107961421,14.856197079628759,3.395683282,1631117,1.13,1.4680219580070415,1.118596720531842,1.4723081626262227,1.1218627033084572,2.5941708659346796,-1.13142220534739,5.887073746053093,8.094170865934679,47.650980800911874,walker-kessler
Tyrese Haliburton,IND,4215120.0,5808435.0,10023555.0,halibty01,15.254188618763727,15.574821729376367,5.904727224,1630169,1.81,2.5188921622391924,1.6798866618995723,2.52624660756075,1.6847914509122035,4.211038058472954,-0.5882555658820866,4.865920463858322,9.711038058472955,47.25313881403054,tyrese-haliburton
Tre Jones,SAS,1782621.0,,1782621.0,jonestr01,14.393595311154636,,1.821706258,1630200,-0.11,0.8087885627763761,0.09506800392009858,0.8111499942623324,0.09534557532515564,0.906495569587488,-1.634555683143809,6.83296468431036,6.406495569587488,43.77535797718209,tre-jones
Jose Alvarado,NOP,1563518.0,1836096.0,1563518.0,alvarjo01,14.262448968445678,14.423152136377324,1.762433973,1630631,-0.55,0.7839633784898044,-0.2681196052001975,0.786252327531625,-0.2689024378302095,0.5173498897014155,-1.794002000633832,7.1327237611916035,6.017349889701416,42.92009453767697,jose-alvarado
Sam Hauser,BOS,1637966.0,1927896.0,5658206.0,hausesa01,14.308965786158964,14.471939810788998,2.097294005,1630573,-0.82,0.9242137839635818,-0.490984728978561,0.9269122241117888,-0.4924182640846381,0.4344939600271506,-1.7374473523490688,7.026401022416248,5.934493960027151,41.69813442825782,sam-hauser
Tyrese Maxey,PHI,2726880.0,4343920.0,7070800.0,maxeyty01,14.818668656459064,15.284287724220066,1.78539062,1630178,0.7,0.7935783780191252,0.763663375255189,0.7958954001120139,0.7658930540884414,1.5617884542004554,-1.1177560669900697,5.86138140594133,7.061788454200455,41.39183553814171,tyrese-maxey
John Konchar,MEM,2300000.0,2400000.0,23195000.0,konchjo01,14.648419680899378,14.690979295318174,2.383390466,1629723,-0.31,1.0440404005359134,-0.07001727295276326,1.0470887001631641,-0.07022170338182851,0.9768669967813356,-1.3247429462939229,6.250516739032575,6.476866996781336,40.483765579869385,john-konchar
Trey Murphy III,NOP,3206520.0,3359280.0,6565800.0,murphtr02,14.980696794882025,15.027237223262636,1.718080196,1630530,1.02,0.7653865564922974,1.027799818251768,0.7676212665223504,1.0308007000196162,1.7984219665419667,-0.9207639933442344,5.49103630748716,7.298421966541967,40.07590000564378,trey-murphy-iii
Dennis Smith Jr.,CHO,1836090.0,,1836090.0,smithde03,14.423148868568994,,0.4495934716,1628372,-0.18,0.23410255591260576,0.03728815701459694,0.23478606847932304,0.03739702777771119,0.27218309625703424,-1.5986247848731132,6.765414595561452,5.772183096257034,39.05121176767044,dennis-smith-jr.
Terance Mann,LAC,1930681.0,10576923.0,23930681.0,mannte01,14.473383348385171,16.174185110336637,-0.3484600676,1629611,0.21,-0.10014853937064089,0.3592044469166775,-0.10044094448741274,0.36025322125633025,0.2598122767689175,-1.5375502428594507,6.650594456575767,5.759812276768917,38.30617559879641,terance-mann
Jaden McDaniels,MIN,2161440.0,3901399.0,6062839.0,mcdanja02,14.586285224203507,15.176845764724693,0.301345947,1630183,-0.05,0.17201161208914645,0.14459358698195715,0.17251383684284852,0.1450157589372509,0.3175295957800994,-1.4002853526222943,6.392536462929913,5.817529595780099,37.188770065198206,jaden-mcdaniels
Kevin Porter Jr.,HOU,3217631.0,18239000.0,21456631.0,porteke02,14.984155932464306,16.719072716546133,1.26789969,1629645,0.47,0.5768361399920379,0.5738153068513979,0.5785203366855949,0.5754906835754097,1.1540110202610045,-0.9165584109559397,5.483129812597166,6.654011020261004,36.4848061985432,kevin-porter-jr.
Quentin Grimes,NYK,2277000.0,2385720.0,4662720.0,grimequ01,14.638369345045877,14.685011523538382,0.03281406181,1629656,-0.05,0.05954161811705214,0.14459358698195715,0.05971546262749346,0.1450157589372509,0.20473122156474438,-1.3369620368783623,6.273488629331321,5.704731221564744,35.7885664518778,quentin-grimes
Keita Bates-Diop,SAS,1878720.0,,1878720.0,bateske01,14.446101251857959,,-1.182249318,1628966,0.07,-0.4493669269752769,0.24364475310567424,-0.4506789499921012,0.24435612616144137,-0.2063228238306598,-1.5707195233351179,6.712952703870021,5.29367717616934,35.53620451318099,keita-bates-diop
Daniel Gafford,WAS,1930681.0,12402000.0,42113161.0,gaffoda01,14.473383348385171,16.33336830789196,0.01974381324,1629655,-0.59,0.05406736772462085,-0.3011366605747698,0.05422522898822405,-0.30201589357160624,-0.2477906645833822,-1.5375502428594507,6.650594456575767,5.252209335416618,34.93031429089725,daniel-gafford
Dennis Schroder,LAL,1836090.0,,1836090.0,schrode01,14.423148868568994,,-0.856508658,203471,-0.26,-0.3129360147178958,-0.02874595373454781,-0.313849698457077,-0.02882988370508248,-0.3426795821621595,-1.5986247848731132,6.765414595561452,5.15732041783784,34.89141082882721,dennis-schroder
Cameron Johnson,BRK,5887899.0,,5887899.0,johnsca02,15.588409785711116,,3.775388169,1629661,1.38,1.6270548651117176,1.3249533166229193,1.6318054003748077,1.3288218016921876,2.9606272020669953,-0.1819130541793984,4.101996541857269,8.460627202066995,34.705463524822356,cameron-johnson
Donte DiVincenzo,GSW,4500000.0,4725000.0,4500000.0,divindo01,15.319587954740548,15.36837811890998,2.131296805,1628978,0.28,0.9384552760244907,0.4169842938221792,0.9411952972599033,0.4182017688037748,1.359397066063678,-0.5087437543256014,4.716438258132131,6.8593970660636785,32.35192275010203,donte-divincenzo
Jalen McDaniels,PHI,1930681.0,,1930681.0,mcdanja01,14.473383348385171,,-0.8900318435,1629667,-0.63,-0.32697662843660813,-0.33415371594934223,-0.32793130675563814,-0.33512934931300314,-0.6630606560686413,-1.5375502428594507,6.650594456575767,4.836939343931359,32.16852198754312,jalen-mcdaniels
Drew Eubanks,POR,1836090.0,,1836090.0,eubandr01,14.423148868568994,,-1.540427912,1629234,-0.42,-0.5993839138951356,-0.16081417523283725,-0.6011339436452954,-0.16128370667066977,-0.7624176503159652,-1.5986247848731132,6.765414595561452,4.737582349684034,32.05170877622669,drew-eubanks
Alperen Sengun,HOU,3375360.0,3536280.0,6911640.0,sengual01,15.03201254326695,15.078585885125026,1.902592689,1630578,-0.72,0.8426664629764117,-0.40844209054213004,0.84512680825009,-0.40963462473114604,0.435492183518944,-0.8583748565966036,5.373744730401615,5.935492183518944,31.8958198435249,alperen-sengun
Trey Lyles,SAC,2625000.0,,2625000.0,lylestr01,14.780591454007862,,-0.5778084942,1626168,-0.19,-0.19620721090962842,0.02903389317095384,-0.19678007989781388,0.02911866384236198,-0.1676614160554519,-1.1640499215174482,5.948413852452803,5.332338583944548,31.71895669870431,trey-lyles
Troy Brown Jr.,LAL,1836090.0,,1836090.0,browntr01,14.423148868568994,,-1.09333777,1628972,-0.8,-0.41212784357728804,-0.47447620129127477,-0.4133311391119354,-0.4758615362139397,-0.8891926753258751,-1.5986247848731132,6.765414595561452,4.610807324674125,31.19402317167198,troy-brown-jr.
Gabe Vincent,MIA,1815677.0,,1815677.0,vincega01,14.411968958887675,,-0.5044639371,1629216,-1.13,-0.16548809578821075,-0.7468669081314967,-0.1659712737384574,-0.7490475460804634,-0.9150188198189209,-1.612217199207635,6.790968334510354,4.584981180181079,31.13646200893562,gabe-vincent
Damion Lee,PHO,1836090.0,,1836090.0,leeda03,14.423148868568994,,-0.5435697783,1627814,-1.16,-0.1818669095031098,-0.771629699662426,-0.18239790890903607,-0.773882637886511,-0.9562805467955471,-1.5986247848731132,6.765414595561452,4.543719453204453,30.740145906845907,damion-lee
Max Strus,MIA,1815677.0,,1815677.0,strusma01,14.411968958887675,,-1.914103048,1629622,-0.55,-0.7558913627729666,-0.2681196052001975,-0.7580983495506816,-0.2689024378302095,-1.027000787380891,-1.612217199207635,6.790968334510354,4.472999212619109,30.375996013186114,max-strus
Kevon Looney,GSW,8000000.0,8500000.0,25500000.0,looneke01,15.89495209964411,15.955576721460545,3.897702662,1626172,1.82,1.6782842015485289,1.6881409257432154,1.6831843118348504,1.6930698148475527,3.376254126682403,0.1907778047639981,3.4013377270436833,8.876254126682403,30.191138035912036,kevon-looney
Tari Eason,HOU,3359160.0,3527160.0,6886320.0,easonta01,15.027201500684178,15.076003572521552,0.4001263363,1631106,-0.4,0.213384091119975,-0.1443056475455511,0.21400711168995332,-0.1447269787999714,0.06928013288998192,-0.8642240705911786,5.384741252711415,5.569280132889982,29.989132479478798,tari-eason
Franz Wagner,ORL,5258280.0,5508720.0,10767000.0,wagnefr01,15.47531453504126,15.521842849241953,2.662873937,1630532,0.0,1.1610972791871366,0.1858649062001726,1.1644873514501748,0.18640757861399693,1.3508949300641717,-0.3194130474879265,4.3604965292773015,6.850894930064172,29.87330356498828,franz-wagner
Alex Caruso,CHI,9030000.0,9460000.0,28380000.0,carusal01,16.016062925393168,16.06258294102806,5.991085028,1627936,1.5,2.5550616535770683,1.4240044827466365,2.562521703477631,1.4281621689163781,3.9906838723940092,0.3380230483215545,3.1245166691554775,9.490683872394008,29.653799960980137,alex-caruso
Saddiq Bey,ATL,2959080.0,4556983.0,7516063.0,beysa01,14.900388967177742,15.332171339714593,-0.762944174,1630180,-0.24,-0.27374812854178526,-0.01223742604726161,-0.2745473948515623,-0.012273155834384049,-0.28682055068594636,-1.0184013893140773,5.674594611910465,5.213179449314054,29.582680013999894,saddiq-bey
Cole Anthony,ORL,3613680.0,5539771.0,9153451.0,anthoco01,15.100237201665035,15.527463722129049,1.576056824,1630175,-0.91,0.7059024926857421,-0.5652731035713489,0.7079635262474939,-0.5669235395027811,0.14103998674471285,-0.77542804832967,5.217804730859779,5.641039986744713,29.433845129805746,cole-anthony
Darius Garland,CLE,8920795.0,33500000.0,203220795.0,garlada01,16.003895626145283,17.327055996795295,4.24679586,1629636,1.77,1.82449592551933,1.646869606525,1.829822932258558,1.6516779951708067,3.481500927429365,0.32323017633747075,3.152327268485555,8.981500927429366,28.31263028546389,darius-garland
Onyeka Okongwu,ATL,6395160.0,8109063.0,14504223.0,okongon01,15.671052012228618,15.908492883041909,0.7364672913,1630168,1.29,0.3542547559002599,1.2506649420301315,0.35528907855655584,1.2543165262740446,1.6096056048306004,-0.08143752115874377,3.9131025397784382,7.1096056048306,27.82061574908564,onyeka-okongwu
Naji Marshall,NOP,1782621.0,1930681.0,1782621.0,marshna01,14.393595311154636,14.473383348385171,-1.491539749,1630230,-1.28,-0.5789079417623427,-0.8706808657861431,-0.5805981875250362,-0.8732230051107015,-1.4538211926357376,-1.634555683143809,6.83296468431036,4.046178807364262,27.647396897125013,naji-marshall
Santi Aldama,MEM,2094120.0,2194200.0,4288320.0,aldamsa01,14.554643975360918,14.601328073365528,-1.583192893,1630583,-1.08,-0.6172952958224012,-0.7055955889132813,-0.6190976216894779,-0.7076557264037174,-1.3267533480931952,-1.4387544437500013,6.464858354250002,4.173246651906805,26.97944848192556,santi-aldama
Caleb Martin,MIA,6479000.0,6802950.0,20408850.0,martica02,15.684076735432095,15.732866899601527,0.305591023,1628997,1.23,0.17378958967193245,1.2011393589682728,0.17429700561210593,1.2046463426619494,1.3789433482740554,-0.06560220232160277,3.883332140364613,6.878943348274055,26.713221796100004,caleb-martin
AJ Griffin,ATL,3536160.0,3712920.0,7249080.0,griffaj01,15.07855195058475,15.127329187007359,-0.2148282783,1631100,-0.99,-0.04417914666177509,-0.6313072143204935,-0.044308137145507534,-0.6331504509855747,-0.6774585881310822,-0.8017927441128476,5.267370358932153,4.822541411868918,25.402111687601153,aj-griffin
Tyler Herro,MIA,5722116.0,27000000.0,125722116.0,herroty01,15.559849225018652,17.111347423968603,-0.04592799605,1629639,0.46,0.026561851983885703,0.5655610430077549,0.026639405001431773,0.5672123196400606,0.5938517246414924,-0.2166366776811966,4.167276954040649,6.0938517246414925,25.394767853439358,tyler-herro
Isaiah Hartenstein,NYK,7804879.0,8195121.0,16000000.0,harteis01,15.87025960892873,15.919049535151736,1.969755256,1628392,0.89,0.8707963571239752,0.9204943882844078,0.8733388336502378,0.9231819688600763,1.796520802510314,0.16075693927207074,3.457776954168507,7.296520802510314,25.229741476531263,isaiah-hartenstein
Josh Green,DAL,3098400.0,4765339.0,7863739.0,greenjo02,14.946396407182679,15.3768792362964,-0.08251367698,1630182,-1.42,0.01123856435735062,-0.9862405595971464,0.011271377753770684,-0.9891201002055905,-0.9778487224518198,-0.962466036986259,5.569436149534167,4.52215127754818,25.18583279883895,josh-green
Larry Nance Jr.,NOP,9672727.0,10375000.0,31252727.0,nancela02,16.08482083387796,16.154909624081036,1.991406334,1626204,2.13,0.8798645413748933,1.944023104896151,0.8824334944078674,1.9496990968433778,2.8321325912512454,0.4216181763271115,2.96735782850503,8.332132591251245,24.724418872791283,larry-nance-jr.
Anthony Edwards,MIN,10733400.0,13534817.0,24268217.0,edwaran01,16.18887093300736,16.420775960436735,2.308679682,1630162,2.77,1.012749064610628,2.472295990889309,1.0157060024787092,2.4795143887057276,3.4952203911844366,0.5481211713627627,2.729532197838006,8.995220391184436,24.5527436843869,anthony-edwards
Jalen Williams,OKC,4341480.0,4558680.0,8900160.0,willija06,15.283725861769474,15.332543665900765,-1.580083923,1631114,-0.13,-0.6159931568346529,0.0785594762328124,-0.6177916808279814,0.07878884745445723,-0.5390028333735242,-0.5523445024944794,4.798407664689622,4.960997166626476,23.80488682884398,jalen-williams
T.J. McConnell,IND,8100000.0,8700000.0,21800000.0,mccontj01,15.907374619642667,15.978833583624812,2.241381043,204456,0.4,0.9845621790297794,0.5160354599458963,0.9874368192465767,0.5175421360279652,1.5049789552745418,0.20588097140061373,3.372943773766846,7.004978955274542,23.62740015256105,t.j.-mcconnell
Jakob Poeltl,TOR,9398148.0,,9398148.0,poeltja01,16.056023206552396,,0.7600852902,1627751,1.97,0.36414675137795316,1.8119548833978618,0.36520995583433263,1.817245273877791,2.1824552297121236,0.38660632975430226,3.0331801000619114,7.682455229712124,23.302270322379375,jakob-poeltl
Ja Morant,MEM,12119440.0,33500000.0,206419440.0,moranja01,16.310321332917514,17.327055996795295,5.462073216,1629630,1.78,2.333494090884434,1.655123870368643,2.3403072268165146,1.659956359106156,4.000263585922671,0.6957792655449178,2.4519349807755546,9.50026358592267,23.294028612912005,ja-morant
Shake Milton,PHI,1997718.0,,1997718.0,miltosh01,14.507516087088147,,-2.045949833,1629003,-1.65,-0.8111131369160925,-1.1760886280009375,-0.8134813554942725,-1.1795224707186223,-1.9930038262128948,-1.4960520250699054,6.572577807131422,3.506996173787105,23.05000522152794,shake-milton
Ayo Dosunmu,CHI,1563518.0,,1563518.0,dosunay01,14.262448968445678,,-2.565707602,1630245,-1.72,-1.0288048017439686,-1.2338684749064392,-1.0318086177764327,-1.2374710182660666,-2.2692796360424996,-1.794002000633832,7.1327237611916035,3.2307203639575004,23.04383590576525,ayo-dosunmu
Jarred Vanderbilt,LAL,4374000.0,4698000.0,4674000.0,vandeja01,15.29118848021885,15.362647444200995,-1.800313864,1629020,-0.26,-0.7082327064107459,-0.02874595373454781,-0.7103005435306988,-0.02882988370508248,-0.7391304272357813,-0.5432715309879338,4.781350478257315,4.760869572764219,22.763386008656898,jarred-vanderbilt
Christian Braun,DEN,2808600.0,2949120.0,5757720.0,braunch01,14.848196696516217,14.897017378729444,-1.693233494,1631128,-1.32,-0.663383922215497,-0.9036979211607156,-0.6653208137014737,-0.9063364608520984,-1.571657274553572,-1.0818561924487007,5.793889641803557,3.928342725446428,22.760384226418413,christian-braun
Kyle Anderson,MIN,8780488.0,9219512.0,18000000.0,anderky01,15.988042544932345,16.036832665715533,1.42005237,203937,0.96,0.6405626914603298,0.9782742351899094,0.6424329514738379,0.9811305164075208,1.6235634678813589,0.30395617015429516,3.188562400109925,7.123563467881359,22.71392662848317,kyle-anderson
Keldon Johnson,SAS,3873025.0,20000000.0,77873025.0,johnske04,15.169546413420544,16.811242831518264,-1.947744985,1629640,-0.56,-0.7699817135293485,-0.2763738690438406,-0.7722298401048494,-0.2771808017655587,-1.0494106418704081,-0.691162651717909,5.0593857852296695,4.450589358129592,22.517248534415295,keldon-johnson
Pat Connaughton,MIL,5728393.0,9423869.0,34000000.0,connapa01,15.560945595604233,16.058756284097772,0.5925064104,1626192,-0.75,0.29395919958081485,-0.4332048820730593,0.29481747644256195,-0.43446971653719363,-0.13965224009463167,-0.2153037220770657,4.164770997504883,5.360347759905368,22.324620886994143,pat-connaughton
Coby White,CHI,7413955.0,,7413955.0,whiteco01,15.818874593076337,,1.305119584,1629632,-0.09,0.5924250569314922,0.11157653160738476,0.5941547688078633,0.11190230319585405,0.7060570720037174,0.09828358788008479,3.5752268547854404,6.206057072003717,22.18806190615879,coby-white
Corey Kispert,WAS,3552840.0,3722040.0,7274880.0,kispeco01,15.083257841622164,15.129782463036848,-2.520205173,1630557,-0.56,-1.0097468864735915,-0.2763738690438406,-1.012695058839407,-0.2771808017655587,-1.2898758606049658,-0.7960713722398238,5.256614179810868,4.210124139395035,22.130998249907968,corey-kispert
Bol Bol,ORL,2200000.0,2200000.0,2200000.0,bolbo01,14.603967918328545,14.603967918328545,-4.744655919,1629626,-0.31,-1.941420091005049,-0.07001727295276326,-1.9470884828955448,-0.07022170338182851,-2.0173101862773732,-1.3787869226752494,6.352119414629469,3.4826898137226268,22.122461580879786,bol-bol
Isaac Okoro,CLE,7040880.0,8920795.0,15961675.0,okorois01,15.767243720322377,16.003895626145283,0.1625280583,1630171,0.11,0.11387011021773563,0.2766618084802466,0.11420257840034001,0.27746958190283816,0.3916721603031782,0.035511326302921094,3.693238706550508,5.8916721603031785,21.759351668737747,isaac-okoro
Davion Mitchell,SAC,4833600.0,5063640.0,9897240.0,mitchda01,15.391102089614545,15.43759615023174,0.2201594485,1630558,-1.28,0.13800803374145876,-0.8706808657861431,0.13841097776316114,-0.8732230051107015,-0.7348120273475404,-0.4217976358246177,4.552979555350281,4.76518797265246,21.695803416887703,davion-mitchell
Grant Williams,BOS,4306281.0,,4306281.0,willigr01,15.275585212557091,,-1.259457486,1629684,-0.89,-0.4817042495372228,-0.5487645758840627,-0.4831106882952974,-0.5503668116320827,-1.0334774999273801,-0.5622418165337507,4.817014615083451,4.46652250007262,21.515304161448885,grant-williams
Bruce Brown,DEN,6479000.0,6802950.0,6479000.0,brownbr01,15.684076735432095,15.732866899601527,-0.4976781255,1628971,0.02,-0.16264597449148738,0.20237343388745876,-0.1631208542597049,0.20296430648469532,0.03984345222499042,-0.06560220232160277,3.883332140364613,5.53984345222499,21.513052130613758,bruce-brown
De'Anthony Melton,PHI,8250000.0,8000000.0,9750000.0,meltode01,15.925723758310864,15.89495209964411,1.208059248,1629001,0.17,0.5517729928493236,0.32618739154210513,0.5533840123152046,0.3271397655149334,0.880523777830138,0.22818965747850659,3.3310034439404075,6.380523777830138,21.25354667809585,de'anthony-melton
Jaylen Nowell,MIN,1930681.0,,1930681.0,nowelja01,14.473383348385171,,-2.42957694,1629669,-1.84,-0.9717887988818721,-1.3329196410301565,-0.9746261444787259,-1.3368113854902575,-2.311437529968983,-1.5375502428594507,6.650594456575767,3.188562470031017,21.205835887633818,jaylen-nowell
Scottie Barnes,TOR,7644600.0,8008680.0,15653280.0,barnesc01,15.849510074197527,15.896036511457027,0.6412502463,1630567,-0.01,0.31437472277267275,0.17761064235652949,0.31529260712825236,0.1781292146786477,0.4934218218069001,0.13552987739460834,3.5052038304981363,5.9934218218069,21.008165127588665,scottie-barnes
Isaiah Stewart,DET,3433320.0,5266713.0,8700033.0,stewais01,15.049038281029068,15.476917006758743,-2.082375678,1630191,-1.12,-0.8263694799931157,-0.7386126442878538,-0.8287822427334669,-0.7407691821451143,-1.5695514248785813,-0.8376751471525888,5.334829276646866,3.9304485751214187,20.968272128912705,isaiah-stewart
Evan Mobley,CLE,8478720.0,8882640.0,17361360.0,mobleev01,15.953070052978758,15.999609368081565,0.002513077115,1630596,0.63,0.046850568174942396,0.7058835283496874,0.046987358446114715,0.7079445065409969,0.7549318649871116,0.2614369893653669,3.26849845999311,6.254931864987111,20.444235168072204,evan-mobley
Deni Avdija,WAS,4916160.0,6263188.0,11179348.0,avdijde01,15.408038295924433,15.6501998786205,-0.9714604427,1630166,-0.97,-0.36108160652775784,-0.6147986866332072,-0.3621358616370627,-0.6165937231148761,-0.9787295847519388,-0.40120677776038866,4.514268742189531,4.521270415248061,20.4102297105406,deni-avdija
Jevon Carter,BRK,6025000.0,2239943.0,3925000.0,carteje01,15.611428037340993,14.621960977078885,-1.337882911,1628975,-0.19,-0.5145513994046136,0.02903389317095384,-0.5160537424539834,0.02911866384236198,-0.4869350786116214,-0.15392771061867516,4.049384095963109,5.013064921388379,20.299825364700656,jevon-carter
Jordan Poole,GSW,3901399.0,28705357.0,131901399.0,poolejo01,15.176845764724693,17.172594318364226,-3.226888564,1629673,-0.65,-1.3057291556544468,-0.3506622436366284,-1.3095415116671345,-0.35168607718370154,-1.661227588850836,-0.6822881786561992,5.042701775873653,3.838772411149164,19.357784454876676,jordan-poole
Georges Niang,PHI,3465000.0,,3465000.0,niangge01,15.05822319060614,,-3.0633573,1627777,-0.97,-1.237236878607662,-0.6147986866332072,-1.240849256743551,-0.6165937231148761,-1.857442979858427,-0.826508232557089,5.313835477207327,3.642557020141573,19.355948721378894,georges-niang
Jalen Duren,DET,4124280.0,4330680.0,8454960.0,durenja01,15.232402017061542,15.281235131528481,-1.90403189,1631105,-1.22,-0.7516732302456112,-0.8211552827242846,-0.7538679012817089,-0.8235528214986063,-1.5774207227803152,-0.6147434826648249,4.915717747409871,3.922579277219685,19.282292568650988,jalen-duren
Grayson Allen,MIL,8500000.0,8500000.0,17000000.0,allengr01,15.955576721460545,15.955576721460545,0.1220616778,1628960,0.15,0.09692145785309288,0.30967886385481896,0.09720444081399604,0.310583037644235,0.40778747845823105,0.26448457003238035,3.262769008339125,5.907787478458231,19.275745892567464,grayson-allen
Zach Collins,SAS,7350000.0,7700000.0,7350000.0,colliza01,15.81021087118902,15.856730886823913,0.218367369,1628380,-0.59,0.1372574518490332,-0.3011366605747698,0.13765820438609405,-0.30201589357160624,-0.1643576891855122,0.08775032769031167,3.595029383942214,5.335642310814488,19.181790889583418,zach-collins
Kenyon Martin Jr.,HOU,1782621.0,1930681.0,1782621.0,martike04,14.393595311154636,14.473383348385171,-4.082983016,1630231,-1.48,-1.6642896960083677,-1.035766142659005,-1.669148946337546,-1.0387902838176857,-2.7079392301552314,-1.634555683143809,6.83296468431036,2.7920607698447686,19.0780526367977,kenyon-martin-jr.
Mason Plumlee,LAC,9080417.0,,9080417.0,plumlma01,16.021630674633084,,0.5070159909,203486,0.21,0.2581529974270795,0.3592044469166775,0.2589067304104264,0.36025322125633025,0.6191599516667566,0.3447922581574897,3.1117905546639193,6.119159951666757,19.04154414007434,mason-plumlee
Aaron Nesmith,IND,3804360.0,5634257.0,9438617.0,nesmiaa01,15.151658335393574,15.544375842281525,-2.349924908,1630174,-1.25,-0.9384279056212208,-0.8459180742552139,-0.941167846942877,-0.848387913304654,-1.7895557602475312,-0.7129107852110734,5.100272276196818,3.710444239752469,18.924275888383697,aaron-nesmith
Cedi Osman,CLE,7426088.0,6718842.0,7426088.0,osmande01,15.820509763904807,15.720426376221718,0.7419920734,1626224,-0.92,0.3565687165274848,-0.573527367414992,0.35760979528758075,-0.5752019034381303,-0.21759210815054952,0.10027161104322575,3.5714893712387354,5.28240789184945,18.866063640287926,cedi-osman
Brook Lopez,MIL,13906976.0,,13906976.0,lopezbr01,16.447901142709636,,4.215250819,201572,1.51,1.81128382384057,1.4322587465902796,1.8165722550183523,1.4364405328517273,3.2530127878700794,0.8630473233436301,2.1374710321139756,8.75301278787008,18.709311277795486,brook-lopez
Dwight Powell,DAL,11080125.0,,11080125.0,poweldw01,16.220663520808223,,0.6983986417,203939,1.2,0.33831035217327476,1.1763765674373436,0.3392981217269199,1.1798112508559018,1.5191093725828217,0.586774258773483,2.656864393505852,7.019109372582822,18.6488217661385,dwight-powell
Monte Morris,WAS,9125000.0,9800926.0,18925926.0,morrimo01,16.02652845743283,16.09798742897284,0.6797379811,1628420,-0.09,0.3304946531783033,0.11157653160738476,0.3314596031242773,0.11190230319585405,0.44336190632013134,0.3507469299779486,3.1005957716414563,5.943361906320131,18.427962796071103,monte-morris
Josh Hart,NYK,12960000.0,12960000.0,12960000.0,hartjo01,16.3773782488884,16.3773782488884,2.791689229,1628404,1.08,1.2150493642607683,1.0773254013136266,1.2185969611950116,1.0804708836317114,2.299067844826723,0.7773063450878356,2.298664071234869,7.799067844826723,17.92743704402635,josh-hart
Jonathan Kuminga,GSW,5739840.0,6012840.0,11752680.0,kuminjo01,15.562941893342787,15.609407740653877,-2.596961139,1630228,-0.43,-1.0418948119507994,-0.16906843907648036,-1.0449368470724996,-0.169562070606019,-1.2144989176785186,-0.21287664468816384,4.160208092013748,4.285501082321481,17.8285762810075,jonathan-kuminga
Andrew Nembhard,IND,2244111.0,2131905.0,6395715.0,nembhan01,14.623820009642001,14.572526504175649,-2.256998831,1629614,-2.37,-0.8995074053139837,-1.7703956247432404,-0.9021337098965654,-1.7755646740637654,-2.6776983839603306,-1.354650962883897,6.306743810221726,2.8223016160396694,17.79953324753696,andrew-nembhard
Malik Monk,SAC,9472219.0,9945830.0,19418049.0,monkma01,16.06387375661567,16.112663925812335,0.4996451762,1628370,-0.39,0.25506585757293565,-0.136051383701908,0.25581057699008164,-0.13644861486462218,0.11936196212545946,0.39615094435814263,3.0152362246066917,5.61936196212546,16.943703747377622,malik-monk
P.J. Washington,CHO,5808435.0,,5808435.0,washipj01,15.574821729376367,,-3.226753974,1629023,-0.46,-1.3056727849315515,-0.19383123060740967,-1.3094849763578367,-0.19439716241206664,-1.5038821387699033,-0.1984332673982356,4.133054542708683,3.996117861230097,16.51617307955636,p.j.-washington
Royce O'Neale,BRK,9200000.0,9500000.0,11700000.0,onealro01,16.034714042019267,16.06680235657077,-0.006281744923,1626220,-0.65,0.043167007167281696,-0.3506622436366284,0.043293042492916614,-0.35168607718370154,-0.30839303469078494,0.3606988759632607,3.0818861131890696,5.191606965309215,15.999941411522117,royce-o'neale
Kentavious Caldwell-Pope,DEN,14004703.0,14704938.0,28709641.0,caldwke01,16.45490375973959,16.503693913708368,1.503984496,203484,1.42,0.6757162289950098,1.3579703719974916,0.6776891272927342,1.3619352574335843,2.0396243847263187,0.8715610300559627,2.1214652634947897,7.539624384726318,15.995051231995161,kentavious-caldwell-pope
Keegan Murray,SAC,8008440.0,8409000.0,16417440.0,murrake02,15.896006543522715,15.944813118815034,-1.293117959,1631099,-0.72,-0.49580236378063636,-0.40844209054213004,-0.49724996500366064,-0.40963462473114604,-0.9068845897348067,0.1920597863272702,3.398927601704732,4.593115410265193,15.611666745765719,keegan-murray
Lauri Markkanen,UTA,16475454.0,17259999.0,39735453.0,markkla01,16.61738219487756,16.663902185682126,4.530783729,1628374,1.55,1.9434393943441912,1.465275801964852,1.9491136820234065,1.4695539885931241,3.4186676706165304,1.069100569620427,1.750090929113597,8.91866767061653,15.608479390124684,lauri-markkanen
Ivica Zubac,LAC,10123457.0,10933333.0,32800000.0,zubaciv01,16.13036576428184,16.20732675419846,-0.4738758445,1627826,-0.18,-0.15267679560348324,0.03728815701459694,-0.15312256821811487,0.03739702777771119,-0.11572554044040367,0.47699121444037557,2.863256516852094,5.384274459559596,15.416558934854299,ivica-zubac
Bobby Portis,MIL,10843350.0,11710818.0,35132454.0,portibo01,16.199062546822972,16.276023587959102,-0.9428623871,1626171,0.27,-0.3491037993535006,0.4087300299785361,-0.35012308268860415,0.40992340486842554,0.0598003221798214,0.5605120261789418,2.7062373907835893,5.559800322179822,15.04613951717368,bobby-portis
Kelly Olynyk,UTA,12804878.0,12195122.0,15804878.0,olynyke01,16.365336750042065,16.31654659368216,0.6974690778,203482,0.53,0.3379210202093789,0.6233408899132565,0.338907653024944,0.625160867187505,0.964068520212449,0.7626664198832908,2.3261871306194135,6.464068520212449,15.036633003160276,kelly-olynyk
Derrick White,BOS,16892857.0,18107143.0,54321429.0,whitede01,16.642401427824343,16.7118170592698,4.445640225,1628401,1.5,1.9077784918228111,1.4240044827466365,1.9133486598570322,1.4281621689163781,3.3415108287734103,1.0995186848144012,1.6929048725489257,8.84151082877341,14.967836762724597,derrick-white
Rui Hachimura,LAL,6263188.0,,6263188.0,hachiru01,15.6501998786205,,-1.453247934,1629060,-1.64,-0.5628700690189128,-1.1678343641572944,-0.5645134887761369,-1.1712441067832728,-1.7357575955594098,-0.10678932165083078,3.9607639247035618,3.76424240444059,14.909275519347684,rui-hachimura
Chris Boucher,TOR,12690000.0,11750000.0,35250000.0,bouchch01,16.356324839690572,16.279363798554442,-0.1103681873,1628449,0.5,-0.00042782157506640064,0.5985780983823272,-0.00042907069181239566,0.6003257753814574,0.599896704689645,0.7517098358915846,2.346785508523821,6.099896704689645,14.315149190057868,chris-boucher
Dillon Brooks,MEM,11400000.0,,11400000.0,brookdi01,16.249123913364723,,-0.5469208778,1628415,-0.14,-0.18327046029670815,0.07030521238916929,-0.18380555766987663,0.070510483519108,-0.11329507415076863,0.6213760989294453,2.591812934012643,5.386704925849231,13.96133149852565,dillon-brooks
Josh Giddey,OKC,6287400.0,6587040.0,12874440.0,giddejo01,15.654058188691089,15.700614640171569,-2.465544919,1630581,-1.43,-0.9868533726044904,-0.9944948234407894,-0.9897347024518002,-0.9973984641409396,-1.9871331665927396,-0.10209842963064444,3.9519450477056117,3.5128668334072604,13.882656685533117,josh-giddey
Mitchell Robinson,NYK,17045454.0,15681818.0,60000000.0,robinmi01,16.651394098576368,16.568012510043115,3.004398922,1629011,1.56,1.3041391863971188,1.473530065808495,1.3079469001539206,1.4778323525284733,2.785779252682394,1.1104518775073362,1.6723504702862078,8.285779252682394,13.856726829911105,mitchell-robinson
Jusuf Nurkic,POR,15625000.0,16875000.0,70000000.0,nurkiju01,16.564382753586738,16.641343794722868,0.9372423283,203994,1.53,0.43834595119783015,1.4487672742775657,0.43962579611471014,1.4529972607224257,1.8926230568371358,1.0046644170881072,1.8712308958743584,7.392623056837136,13.833304665506793,jusuf-nurkic
Talen Horton-Tucker,UTA,10260000.0,11020000.0,10260000.0,hortota01,16.1437633977069,16.215222361689044,-1.252449943,1629659,-0.59,-0.478769259830464,-0.3011366605747698,-0.48016712925729,-0.30201589357160624,-0.7821830228288962,0.4932799135270698,2.8326337625691087,4.717816977171104,13.363847655156603,talen-horton-tucker
Jordan Clarkson,UTA,13340000.0,14260000.0,13340000.0,clarkjo01,16.40627759845175,16.472968972950422,-0.5496061803,203903,0.57,-0.18439515338771503,0.6563579452878288,-0.18493353454331984,0.6582743229289016,0.4733407883855818,0.8124418644668163,2.2326092948023852,5.973340788385582,13.336136165171858,jordan-clarkson
Jalen Green,HOU,9441840.0,9891480.0,19333320.0,greenja05,16.06066143438241,16.107184338510212,-1.434514933,1630224,-0.87,-0.5550240714828716,-0.5322560481967764,-0.5566445831693427,-0.5338100837613841,-1.090454666930727,0.3922454374251638,3.022578577640692,4.409545333069273,13.328197260870674,jalen-green
Luke Kennard,MEM,14415545.0,15418363.0,29833908.0,kennalu01,16.483817696179,16.551069759633908,0.9576282292,1628379,0.12,0.44688423762782503,0.2849160723238897,0.4481890119012017,0.2857479458381874,0.733936957739389,0.9067142840024751,2.0553771460753465,6.233936957739389,12.813091553012013,luke-kennard
Torrey Craig,PHO,5121951.0,,5121951.0,craigto01,15.44904597912029,,-1.601962861,1628470,-2.63,-0.625156776355049,-1.9850064846779607,-0.6269820554988045,-1.9908021363828448,-2.617784191881649,-0.3513500761603492,4.4205381431814565,2.882215808118351,12.740944916667736,torrey-craig
Dorian Finney-Smith,BRK,12939848.0,13932008.0,41796023.0,finnedo01,16.375822100445628,16.449699484685492,-0.7680603322,1627827,0.11,-0.2758909440272057,0.2766618084802466,-0.2766964667458747,0.27746958190283816,0.0007731151569634331,0.775414396494052,2.3022209345911824,5.500773115156964,12.663995022150715,dorian-finney-smith
Christian Wood,DAL,14317459.0,,14317459.0,woodch01,16.476990259617622,,-0.4327548025,1626174,0.68,-0.13545394945024564,0.7471548475679028,-0.13584943627566626,0.749336326217743,0.6134868899420768,0.8984135598257885,2.0709825075275177,6.1134868899420765,12.660924409068848,christian-wood
Kevin Huerter,SAC,14508929.0,15669643.0,65000000.0,huertke01,16.490274810971478,16.567235831685956,0.1039745805,1628989,0.5,0.08934598605068719,0.5985780983823272,0.08960685079867478,0.6003257753814574,0.6899326261801322,0.9145647749426299,2.0406182231078556,6.189932626180132,12.631289316793044,kevin-huerter
Killian Hayes,DET,5837760.0,7413955.0,13251715.0,hayeski01,15.579857719581991,15.818874593076337,-2.019538461,1630165,-2.2,-0.8000511848222732,-1.6300731394013077,-0.8023871056613743,-1.6348324871628288,-2.437219592824203,-0.19231056449538397,4.121543861251321,3.062780407175797,12.623383785556229,killian-hayes
Wendell Carter Jr.,ORL,14150000.0,13050000.0,50000000.0,cartewe01,16.46522518205352,16.384298691732976,0.2413420206,1628976,0.18,0.14687999229757132,0.33444165538574827,0.14730883990302937,0.33541812945028265,0.48272696935331205,0.8841097046527643,2.0978737552528033,5.982726969353312,12.551005893849455,wendell-carter-jr.
OG Anunoby,TOR,17357143.0,18642857.0,36000000.0,anunoog01,16.669514679920017,16.740973628008874,1.406786187,1628384,1.45,0.6350063772781722,1.382733163528421,0.6368604144420266,1.3867703492396322,2.0236307636816586,1.1324826860403279,1.6309325502441836,7.523630763681659,12.270534308506923,og-anunoby
Bogdan Bogdanovic,ATL,18000000.0,18000000.0,36000000.0,bogdabo01,16.70588231586044,16.70588231586044,2.51740356,203992,1.34,1.1001694962062365,1.2919362612483472,1.1033816767535378,1.295708345950791,2.399090022704329,1.1766980679315844,1.5478076322886212,7.899090022704328,12.226271825276656,bogdan-bogdanovic
Jeremy Sochan,SAS,5063520.0,5316960.0,10380480.0,sochaje01,15.437572451583746,15.486412269418869,-1.946187419,1631110,-2.63,-0.7693293536112434,-1.9850064846779607,-0.7715755754822002,-1.9908021363828448,-2.762377711865045,-0.3652994679354771,4.446762999718697,2.737622288134955,12.173557498083754,jeremy-sochan
Marcus Smart,BOS,17207142.0,18583713.0,77087994.0,smartma01,16.660835088156638,16.737796109920968,1.414600051,203935,1.26,0.6382790807649741,1.2259021504992023,0.6401426732878105,1.2294814344679972,1.8696241077558078,1.1219301314253762,1.6507713529202925,7.369624107755808,12.16556435887406,marcus-smart
Aaron Gordon,DEN,19690909.0,21266182.0,63798546.0,gordoaa01,16.79566761511599,16.87262866941856,2.651535846,203932,2.57,1.1563485134101308,2.307210714016447,1.1597247206340953,2.3139471099987428,3.473671830632838,1.2858580722086936,1.342586824247656,8.973671830632838,12.047933564929991,aaron-gordon
Kelly Oubre Jr.,CHO,12600000.0,,12600000.0,oubreke01,16.349207371921707,,0.150940911,1626162,-0.87,0.10901703146299974,-0.5322560481967764,0.10933533004244367,-0.5338100837613841,-0.4244747537189404,0.7430564948821606,2.363053789621538,5.075525246281059,11.993739167544247,kelly-oubre-jr.
Patrick Williams,CHI,7775400.0,9835881.0,17611281.0,willipa01,15.86647546165156,16.101547583831046,-2.924402945,1630172,-1.29,-1.179038220157145,-0.8789351296297863,-1.1824806748410581,-0.8815013690460508,-2.063982043887109,0.15615621358104942,3.4664263184676267,3.436017956112891,11.91070307379707,patrick-williams
Fred VanVleet,TOR,21250000.0,22824074.0,21250000.0,vanvlfr01,16.8718674533347,16.943326414071407,5.043508149,1627832,2.8,2.158185261062938,2.497058782420238,2.164486545307742,2.5043494805117748,4.668836025819517,1.3785010186023443,1.1684180850275927,10.168836025819516,11.881451916247634,fred-vanvleet
Clint Capela,ATL,18706896.0,20616000.0,61588176.0,capelca01,16.744402783899325,16.841578031314338,2.937828737,203991,1.19,1.2762574013332195,1.1681223035937005,1.2799837082450622,1.1715328869205526,2.451516595165615,1.223530840008369,1.459762020784266,7.951516595165614,11.607321933258584,clint-capela
Josh Richardson,NOP,12196094.0,,12196094.0,richajo01,16.316626294505646,,-1.776968441,1626196,-0.37,-0.6984548746935618,-0.1195428560146218,-0.7004941633389887,-0.11989188699392374,-0.8203860503329125,0.7034447702504104,2.4375238319292283,4.679613949667088,11.40667052654199,josh-richardson
Devonte' Graham,SAS,11550000.0,12100000.0,26500000.0,grahade01,16.26219599493208,16.308716010566968,-0.5333931438,1628984,-1.28,-0.17760459994511685,-0.8706808657861431,-0.17812315462512043,-0.8732230051107015,-1.051346159735822,0.6372689955576758,2.5619342883515692,4.448653840264178,11.397158810379683,devonte'-graham
Tyus Jones,MEM,15000000.0,14000000.0,29000000.0,jonesty01,16.523560759066484,16.454567887579532,-0.004453574633,1626145,0.07,0.043932705070719794,0.24364475310567424,0.04406097601542888,0.24435612616144137,0.2884171021768702,0.9550334737891613,1.9645370692763766,5.78841710217687,11.371559969659806,tyus-jones
Kyle Kuzma,WAS,13000000.0,13000000.0,13000000.0,kuzmaky01,16.38045991542581,16.38045991542581,-0.507694965,1628398,-0.74,-0.16684135664279992,-0.42495061822941615,-0.16732848572803763,-0.4261913526018444,-0.593519838329882,0.7810530022265132,2.291620355814155,4.906480161670118,11.24378981388157,kyle-kuzma
Luguentz Dort,OKC,15277778.0,15277778.0,64777778.0,dortlu01,16.541909912280136,16.541909912280136,1.693777776,1629652,-0.82,0.7552079029258005,-0.490984728978561,0.7574128941960654,-0.4924182640846381,0.26499463011142727,0.9773421775512618,1.9225967062036275,5.764994630111428,11.083759687133831,luguentz-dort
Domantas Sabonis,SAC,18500000.0,19400000.0,37900000.0,sabondo01,16.733281290048552,16.780783624033557,2.782795106,1627734,0.53,1.211324212741092,0.6233408899132565,1.2148609332973876,0.625160867187505,1.8400218004848927,1.2100094470143687,1.4851822396129868,7.340021800484893,10.901270016452301,domantas-sabonis
David Roddy,MEM,2588640.0,2718240.0,5306880.0,roddyda01,14.766643199239164,14.815495170015742,-3.803001082,1631223,-2.8,-1.5470240446426282,-2.125328970019893,-1.5515409127793511,-2.131534323283781,-3.6830752360631323,-1.1810080601307151,5.980295153045744,1.8169247639368677,10.865746359220433,david-roddy
De'Andre Hunter,ATL,9835881.0,20089286.0,99835881.0,huntede01,16.101547583831046,16.815697196089868,-2.053888275,1629631,-1.43,-0.8144380177705806,-0.9944948234407894,-0.8168159440507461,-0.9973984641409396,-1.8142144081916856,0.4419543795982524,2.9291257663552854,3.6857855918083144,10.796129546226798,de'andre-hunter
Jarrett Allen,CLE,20000000.0,20000000.0,80000000.0,allenja01,16.811242831518264,16.811242831518264,1.215260833,1628386,1.91,0.554789253733823,1.7624293003360032,0.5564090798195679,1.7675750902656955,2.3239841700852635,1.30479425333396,1.306986803732155,7.8239841700852635,10.225844062910717,jarrett-allen
Dejounte Murray,ATL,16571120.0,17714000.0,34285120.0,murrade01,16.623171979152303,16.689865845351665,-0.3580662875,1627749,0.08,-0.10417194051528772,0.2518990169493173,-0.10447609281368513,0.25263449009679056,0.14815839728310543,1.076139727271343,1.7368573127298748,5.6481583972831055,9.81004521577781,dejounte-murray
Bennedict Mathurin,IND,6586800.0,6916080.0,13502880.0,mathube01,15.70057820432598,15.749359693098405,-2.399810161,1631097,-2.63,-0.9593214918716454,-1.9850064846779607,-0.9621224364946551,-1.9908021363828448,-2.9529245728775,-0.045539893347076726,3.8456149994925037,2.5470754271225,9.795071467381062,bennedict-mathurin
Tim Hardaway Jr.,DAL,19602273.0,17897728.0,53693184.0,hardati02,16.79115608686457,16.700184335380722,2.737440449,203501,0.43,1.1923281892491808,0.5407982514768256,1.1958094468451352,0.5423772278340129,1.7381866746791481,1.2803730045271877,1.352898751488887,7.238186674679148,9.792533715216917,tim-hardaway-jr.
Shaedon Sharpe,POR,6012960.0,6313800.0,12326760.0,sharpsh01,15.609427697746128,15.658248271956959,-5.00533292,1631101,-1.48,-2.050600200884326,-1.035766142659005,-2.05658736749664,-1.0387902838176857,-3.095377651314326,-0.15635970205314853,4.053956239859919,2.404622348685674,9.748233774960902,shaedon-sharpe
Harrison Barnes,SAC,18352273.0,,18352273.0,barneha02,16.725263994003505,,1.019708957,203084,0.01,0.4728856902169987,0.19411917004381568,0.4742663813018272,0.19468594254934612,0.6689523238511733,1.2002621044335164,1.503507243664989,6.168952323851173,9.275064504734207,harrison-barnes
P.J. Tucker,PHI,10490000.0,11014500.0,21504500.0,tuckepj01,16.16593298037248,16.21472314454191,-2.807245424,200782,-1.57,-1.1299687933688425,-1.1100545172517928,-1.1332679793484877,-1.1132955592358287,-2.2465635385843163,0.5202334544592978,2.78196110561652,3.2534364614156837,9.050933695253073,p.j.-tucker
Jonas Valanciunas,NOP,14700000.0,15435000.0,30135000.0,valanjo01,16.503358051748965,16.552148215918397,-2.200758237,202685,-0.41,-0.8759519930258247,-0.15255991138919417,-0.8785095225356594,-0.15300534273532057,-1.03151486527098,0.9304712388189046,2.0107140710204594,4.46848513472902,8.984845936545394,jonas-valanciunas
Spencer Dinwiddie,BRK,19500000.0,20357143.0,38357143.0,dinwisp01,16.785925023533974,16.82894241563521,0.6137634246,203915,0.7,0.30286233693914805,0.763663375255189,0.30374660841784373,0.7658930540884414,1.0696396625062852,1.2740131338103053,1.364855308436626,6.569639662506285,8.966607567887507,spencer-dinwiddie
Reggie Bullock,DAL,10012800.0,10489600.0,15464000.0,bullore01,16.1193748324567,16.165894848091593,-4.626225532,203493,-0.86,-1.8918175460313735,-0.5240017843531334,-1.8973411126648427,-0.525531719826035,-2.422872832490878,0.4636285573574271,2.888378312168037,3.077127167509122,8.887907374416411,reggie-bullock
Mikal Bridges,BRK,20100000.0,21700000.0,90000000.0,bridgmi01,16.816230373029303,16.892822818510687,1.470868928,1628969,0.54,0.6618463389046498,0.6315951537568997,0.6637787410867346,0.6334392311228543,1.297217972209589,1.3108580528333371,1.295586860673326,6.797217972209589,8.806386293927332,mikal-bridges
RJ Barrett,NYK,10900635.0,23883929.0,117900635.0,barrerj01,16.204331602383238,16.98871636394321,-3.208289789,1629628,-1.35,-1.2979393763861182,-0.9284607126916449,-1.3017289884693297,-0.9311715526581461,-2.232900541127476,0.5669180874413529,2.6941939956102563,3.267099458872524,8.802199745155871,rj-barrett
Patrick Beverley,ORL,13506508.0,,13000000.0,beverpa01,16.418682201322355,,-2.427161591,201976,-0.97,-0.9707771712039213,-0.6147986866332072,-0.9736115631370356,-0.6165937231148761,-1.5902052862519116,0.8275232476513493,2.204256294415463,3.9097947137480884,8.618189607651528,patrick-beverley
Paolo Banchero,ORL,11055120.0,11608080.0,22663200.0,banchpa01,16.218404227031595,16.26721196532117,-3.087016922,1631094,-1.45,-1.2471463072099274,-1.0110033511280756,-1.2507876180456419,-1.013955192011638,-2.26474281005728,0.5840274336209818,2.6620284247925543,3.23525718994272,8.612346601142004,paolo-banchero
Lonnie Walker IV,LAL,6479000.0,,6479000.0,walkelo01,15.684076735432095,,-4.449166233,1629022,-2.12,-1.8176592825642877,-1.564039028652163,-1.8229663282597086,-1.5686055756800352,-3.391571903939744,-0.06560220232160277,3.883332140364613,2.108428096060256,8.18772659107856,lonnie-walker-iv
Markelle Fultz,ORL,16500000.0,17000000.0,18500000.0,fultzma01,16.61887093887081,16.64872390202049,-0.6929360777,1628365,-0.98,-0.24442643304447892,-0.6230529504768504,-0.24514008838229656,-0.6248720870502253,-0.8700121754325219,1.0709105686070994,1.746688131018653,4.629987824567478,8.087144779932888,markelle-fultz
Buddy Hield,IND,21177750.0,19279841.0,40457591.0,hieldbu01,16.868461660199866,16.774570600224703,1.726239671,1627741,0.42,0.7688040132439087,0.5325439876331824,0.7710487012711128,0.5340988638986636,1.3051475651697764,1.3743602918213669,1.1762026513758301,6.805147565169777,8.004232609156466,buddy-hield
Gary Trent Jr.,TOR,17505000.0,18785000.0,17505000.0,trentga02,16.677997112370903,16.748569236990207,-0.3321733602,1629018,-0.77,-0.09332713012977106,-0.44971340976034546,-0.09359961868082803,-0.451026444407892,-0.5446260630887201,1.14279553647683,1.6115443914235594,4.95537393691128,7.985805075435857,gary-trent-jr.
Caris LeVert,CLE,18796296.0,,18796296.0,leverca01,16.74917038711234,,1.324184734,1627747,-1.08,0.6004101694035545,-0.7055955889132813,0.6021631955265389,-0.7076557264037174,-0.10549253087717858,1.229327240882893,1.448864787140161,5.394507469122821,7.8159119159766455,caris-levert
Nicolas Batum,LAC,19700319.0,11710818.0,22554168.0,batumni01,16.796145386470513,16.276023587959102,-0.1369708207,201587,0.15,-0.011569880239805014,0.30967886385481896,-0.011603660983925864,0.310583037644235,0.29897937666030916,1.2864389414995003,1.3414947899809393,5.798979376660309,7.77930062099672,nicolas-batum
Mike Conley,MIN,22680000.0,24360000.0,37000000.0,conlemi01,16.936994036823826,17.00845300080597,2.338977236,201144,0.8,1.0254386776647284,0.8462060136916201,1.0284326655767762,0.8486766934419336,1.8771093590187098,1.4576812206083758,1.0195593052562535,7.37710935901871,7.521400492880521,mike-conley
Terrence Ross,ORL,12080373.0,,11500000.0,rosste01,16.307092627477687,,-2.290386254,203082,-2.27,-0.9134911572281998,-1.6878529863068095,-0.9161582903704099,-1.6927810347102734,-2.608939325080683,0.6918538400850331,2.4593147806401374,2.891060674919317,7.110028249556527,terrence-ross
Norman Powell,LAC,16758621.0,18000000.0,74482758.0,powelno01,16.634423370396814,16.70588231586044,-1.562273881,1626181,-1.19,-0.6085337249129449,-0.7963924911933553,-0.6103104694966501,-0.7987177296925587,-1.4090281991892089,1.0898190481240633,1.711140189526761,4.090971800810792,7.000226262588013,norman-powell
Jaden Ivey,DET,7252200.0,7614480.0,14866680.0,iveyja01,15.796815429075604,15.845562255702701,-5.045646341,1631093,-2.12,-2.0674847887747227,-1.564039028652163,-2.0735212535587806,-1.5686055756800352,-3.6421268292388156,0.07146429277681994,3.6256471295795785,1.8578731707611844,6.735992528693198,jaden-ivey
Jerami Grant,POR,20955000.0,,20955000.0,grantje01,16.85788783934131,,-0.365733572,203924,-0.05,-0.10738325168188226,0.14459358698195715,-0.10769678009123006,0.1450157589372509,0.03731897884602085,1.3615047537798857,1.200371062893815,5.537318978846021,6.646837468219492,jerami-grant
Malaki Branham,SAS,2925600.0,3071880.0,5997480.0,branhma01,14.88901014581731,14.937800309986741,-6.578590699,1631103,-2.2,-2.7095323526304154,-1.6300731394013077,-2.7174434128310625,-1.6348324871628288,-4.3522758999938915,-1.032235638335601,5.70060300007093,1.1477241000061085,6.54271944774853,malaki-branham
Malcolm Brogdon,BOS,22600000.0,22500000.0,67600000.0,brogdma01,16.933460464242515,16.929025867174648,1.250330544,1627763,0.11,0.5694776032457713,0.2766618084802466,0.5711403151147859,0.27746958190283816,0.8486098970176241,1.4533851409462526,1.027635935021045,6.348609897017624,6.5240596676055675,malcolm-brogdon
Joe Harris,BRK,18642857.0,19928571.0,38571428.0,harrijo01,16.740973628008874,16.807664988665003,-2.732965667,203925,-0.26,-1.098857985741184,-0.02874595373454781,-1.1020663370527013,-0.02882988370508248,-1.1308962207577837,1.2193617090395774,1.4675999870055945,4.3691037792422165,6.4120966496419705,joe-harris
Malik Beasley,LAL,15558035.0,16524106.0,15558035.0,beaslma01,16.56008778339281,16.620330842389862,-1.781027645,1627736,-1.91,-0.7001550029635752,-1.3906994879356578,-0.7021992554977263,-1.3947599330377014,-2.0969591885354277,0.9994426383712497,1.8810478398620503,3.4030408114645723,6.401282567367832,malik-beasley
Terry Rozier,CHO,21486316.0,23205221.0,96258694.0,roziete01,16.882926825351706,16.959887854421584,-0.2401096982,1626179,-0.15,-0.054767837616471714,0.062050948545526216,-0.05492774405199464,0.062232119583758815,0.007304375531764176,1.391946884536837,1.1431398570707463,5.507304375531764,6.295619136690477,terry-rozier
Julius Randle,NYK,23760000.0,25660800.0,76982400.0,randlju01,16.98351405245872,17.060475093594846,0.7703379148,203944,0.71,0.36844088809152914,0.7719176390988322,0.3695166302000307,0.7741714180237906,1.1436880482238214,1.5142397568919457,0.9132292570431421,6.643688048223821,6.067210300305843,julius-randle
Reggie Jackson,CHO,11795633.0,,11215260.0,jacksre01,16.28323993619187,,-2.871110526,202704,-2.64,-1.1567176006171322,-1.993260748521604,-1.1600948854702717,-1.9990805003181942,-3.159175385788466,0.6628539937363616,2.5138344917756403,2.340824614211534,5.884445654402361,reggie-jackson
Jabari Smith Jr.,HOU,8882640.0,9326520.0,18209160.0,smithja05,15.999609368081565,16.048372512891625,-4.723739162,1631095,-2.32,-1.9326594645638304,-1.7291243055250247,-1.9383022779285322,-1.7341728543870192,-3.6724751323155513,0.31801898973512305,3.1621242992979686,1.8275248676844487,5.7788607916762995,jabari-smith-jr.
Bojan Bogdanovic,DET,19550000.0,20000000.0,39550000.0,bogdabo02,16.788485844395648,16.811242831518264,-1.286995715,202711,-1.49,-0.4932381664403894,-1.0440204065026482,-0.49467828093991867,-1.047068647753035,-1.5417469286929537,1.277126552360236,1.3590020815627564,3.9582530713070465,5.37927416325845,bojan-bogdanovic
Nikola Vucevic,CHI,22000000.0,,22000000.0,vucevni01,16.90655301132259,,-1.386911851,202696,-0.38,-0.5350863335795871,-0.12779711985826492,-0.5366486327687376,-0.12817025092927298,-0.6648188836980107,1.4206713481518982,1.0891378654744313,4.835181116301989,5.266178840191426,nikola-vucevic
Anfernee Simons,POR,22321429.0,24107143.0,100000000.0,simonan01,16.92105771672547,16.998018744587526,1.106853831,1629014,-1.51,0.5093848323823476,-1.0605289341899342,0.5108720905323973,-1.0636253756237333,-0.5527532850913359,1.4383060134806869,1.0559846946563085,4.947246714908664,5.2242168116322505,anfernee-simons
Eric Gordon,LAC,19568360.0,20917902.0,19568360.0,gordoer01,16.789424534123345,16.856115905325055,-3.911224443,201569,-0.84,-1.592351551097579,-0.5074932566658472,-1.597000762600478,-0.5089749919553366,-2.1059757545558146,1.278267801267795,1.3568565336165452,3.3940242454441854,4.605203972683908,eric-gordon
Doug McDermott,SAS,13750000.0,13750000.0,27500000.0,mcderdo01,16.436549382076855,16.436549382076855,-5.369844798,203926,-1.68,-2.203269775644171,-1.2008514195318667,-2.209702693788317,-1.2043575625246696,-3.414060256312987,0.8492459744646764,2.1634175680064085,2.085939743687013,4.5127586872952685,doug-mcdermott
John Collins,ATL,23500000.0,25340000.0,102000000.0,collijo01,16.972510979114386,17.047894732857266,-2.875475246,1628381,0.08,-1.1585456890459704,0.2518990169493173,-1.1619283113949324,0.25263449009679056,-0.9092938212981418,1.5008623382801278,0.9383788040333596,4.590706178701858,4.307821373638804,john-collins
Jeff Green,DEN,4500000.0,,4500000.0,greenje02,15.319587954740548,,-4.961839272,201145,-4.14,-2.0323836292286983,-3.2314003250680674,-2.0383176086572994,-3.2408350906205747,-5.279152699277875,-0.5087437543256014,4.716438258132131,0.22084730072212544,1.041612658331044,jeff-green
